Date,Day,Slot_Type,Time,Subject,Topic,Activity_Type,Resources
2025-11-28,Friday,Morning,04:00-04:50,History,NCERT Class 6 (Our Pasts I): Ch 1 - What Where How and When?,Read,NCERT Class 6 History
2025-11-28,Friday,Morning,04:50-05:00,Break,Hydrate / Stretch / No Screens,Break,N/A
2025-11-28,Friday,Morning,05:00-05:50,History,NCERT Class 6 (Our Pasts I): Ch 2 - From Hunting-Gathering to Growing Food,Read,NCERT Class 6 History
2025-11-28,Friday,Morning,05:50-06:00,Break,Deep Breathing / Walk,Break,N/A
2025-11-28,Friday,Morning,06:00-06:50,History,NCERT Class 6 (Our Pasts I): Ch 3 - In the Earliest Cities (Indus Valley Intro),Read,NCERT Class 6 History
2025-11-28,Friday,Morning,06:50-07:00,Review,Quick Recall of Morning Session Facts,Revise,Mental Recall
2025-11-28,Friday,Evening,20:00-20:50,Current Affairs,Daily News Analysis: Read Top 3 Editorials & National News,Read,The Hindu / Indian Express
2025-11-28,Friday,Evening,20:50-21:00,Break,Eye Rest / Water,Break,N/A
2025-11-28,Friday,Evening,21:00-21:50,Geography,NCERT Class 6 (Earth Our Habitat): Ch 1 - The Earth in the Solar System,Read,NCERT Class 6 Geo
2025-11-28,Friday,Evening,21:50-22:00,Break,Stretch,Break,N/A
2025-11-28,Friday,Evening,22:00-22:50,Geography,NCERT Class 6 (Earth Our Habitat): Ch 2 - Globe: Latitudes and Longitudes,Read,NCERT Class 6 Geo
2025-11-28,Friday,Evening,22:50-23:00,Review,Day Review: Summarize Geo concepts learned,Revise,Mental Recall
2025-11-29,Saturday,Weekend_Slot_1,09:00-09:50,History,NCERT Class 6: Ch 4 - What Books and Burials Tell Us (Vedic Age),Read,NCERT Class 6 History
2025-11-29,Saturday,Weekend_Slot_1,09:50-10:00,Break,Hydrate,Break,N/A
2025-11-29,Saturday,Weekend_Slot_1,10:00-10:50,History,NCERT Class 6: Ch 5 - Kingdoms Kings and an Early Republic,Read,NCERT Class 6 History
2025-11-29,Saturday,Weekend_Slot_1,10:50-11:00,Break,Walk,Break,N/A
2025-11-29,Saturday,Weekend_Slot_1,11:00-11:50,History,NCERT Class 6: Ch 6 - New Questions and Ideas (Buddhism/Jainism),Read,NCERT Class 6 History
2025-11-29,Saturday,Weekend_Slot_2,13:00-13:50,Geography,NCERT Class 6: Ch 3 - Motions of the Earth (Rotation/Revolution),Read,NCERT Class 6 Geo
2025-11-29,Saturday,Weekend_Slot_2,13:50-14:00,Break,Rest,Break,N/A
2025-11-29,Saturday,Weekend_Slot_2,14:00-14:50,Geography,NCERT Class 6: Ch 4 - Maps (Types & Components),Read,NCERT Class 6 Geo
2025-11-29,Saturday,Weekend_Slot_2,14:50-15:00,Break,Rest,Break,N/A
2025-11-29,Saturday,Weekend_Slot_2,15:00-15:50,Geography,NCERT Class 6: Ch 5 - Major Domains of the Earth (Litho/Hydro/Atmosphere),Read,NCERT Class 6 Geo
2025-11-29,Saturday,Weekend_Slot_3,17:00-17:50,CSAT,Maths Basics: Classification of Numbers (Natural Whole Integers),Practice,RS Aggarwal / YouTube
2025-11-29,Saturday,Weekend_Slot_3,17:50-18:00,Break,Eye Rest,Break,N/A
2025-11-29,Saturday,Weekend_Slot_3,18:00-18:50,CSAT,Maths Basics: Divisibility Rules (2 3 4 5 6 8 9 11),Practice,RS Aggarwal / YouTube
2025-11-29,Saturday,Weekend_Slot_3,18:50-19:00,Break,Snack,Break,N/A
2025-11-29,Saturday,Weekend_Slot_3,19:00-19:50,Current Affairs,Weekly Compilation: Read first 10 pages of Monthly Magazine (e.g. VisionIAS),Read,Monthly Magazine
2025-11-29,Saturday,Weekend_Slot_4,21:00-22:00,Revision,SRS Review: Rapidly scan headings of History Ch 1-3 (Studied Yesterday),Revise,NCERT Class 6 History
2025-11-30,Sunday,Weekend_Slot_1,09:00-09:50,History,NCERT Class 6: Ch 7 - Ashoka The Emperor Who Gave Up War,Read,NCERT Class 6 History
2025-11-30,Sunday,Weekend_Slot_1,09:50-10:00,Break,Hydrate,Break,N/A
2025-11-30,Sunday,Weekend_Slot_1,10:00-10:50,History,NCERT Class 6: Ch 8 - Vital Villages Thriving Towns,Read,NCERT Class 6 History
2025-11-30,Sunday,Weekend_Slot_1,10:50-11:00,Break,Walk,Break,N/A
2025-11-30,Sunday,Weekend_Slot_1,11:00-11:50,History,NCERT Class 6: Ch 9 - Traders Kings and Pilgrims,Read,NCERT Class 6 History
2025-11-30,Sunday,Weekend_Slot_2,13:00-13:50,History,NCERT Class 6: Ch 10 - New Empires and Kingdoms (Guptas),Read,NCERT Class 6 History
2025-11-30,Sunday,Weekend_Slot_2,13:50-14:00,Break,Rest,Break,N/A
2025-11-30,Sunday,Weekend_Slot_2,14:00-14:50,History,NCERT Class 6: Ch 11 - Buildings Paintings and Books (Culture),Read,NCERT Class 6 History
2025-11-30,Sunday,Weekend_Slot_2,14:50-15:00,Break,Rest,Break,N/A
2025-11-30,Sunday,Weekend_Slot_2,15:00-16:00,Flashcards,Task: CREATE Flashcards for History Class 6 (Entire Book),Flashcard Creation,Anki / Paper
2025-11-30,Sunday,Weekend_Slot_3,17:00-17:50,Geography,NCERT Class 6: Ch 6 - Major Landforms of the Earth,Read,NCERT Class 6 Geo
2025-11-30,Sunday,Weekend_Slot_3,17:50-18:00,Break,Eye Rest,Break,N/A
2025-11-30,Sunday,Weekend_Slot_3,18:00-18:50,Geography,NCERT Class 6: Ch 7 - Our Country India (Location/Neighbours),Read,NCERT Class 6 Geo
2025-11-30,Sunday,Weekend_Slot_3,18:50-19:00,Break,Snack,Break,N/A
2025-11-30,Sunday,Weekend_Slot_3,19:00-19:50,Geography,NCERT Class 6: Ch 8 - India: Climate Vegetation and Wildlife,Read,NCERT Class 6 Geo
2025-11-30,Sunday,Weekend_Slot_4,21:00-22:00,Flashcards,Task: CREATE Flashcards for Geography Class 6 (Entire Book),Flashcard Creation,Anki / Paper
2025-12-01,Monday,Morning,04:00-04:50,Flashcards,Review: Flashcards History Class 6 (Created Yesterday),Flashcard Review,Anki Deck
2025-12-01,Monday,Morning,04:50-05:00,Break,Hydrate,Break,N/A
2025-12-01,Monday,Morning,05:00-05:50,History,NCERT Class 7 (Our Pasts II): Ch 1 - Tracing Changes Through a Thousand Years,Read,NCERT Class 7 History
2025-12-01,Monday,Morning,05:50-06:00,Break,Walk,Break,N/A
2025-12-01,Monday,Morning,06:00-06:50,History,NCERT Class 7 (Our Pasts II): Ch 2 - New Kings and Kingdoms (Tripartite Struggle),Read,NCERT Class 7 History
2025-12-01,Monday,Evening,20:00-20:50,Current Affairs,Daily News Analysis: Editorial + Notes,Read,The Hindu
2025-12-01,Monday,Evening,20:50-21:00,Break,Eye Rest,Break,N/A
2025-12-01,Monday,Evening,21:00-21:50,Geography,NCERT Class 7 (Our Environment): Ch 1 - Environment,Read,NCERT Class 7 Geo
2025-12-01,Monday,Evening,21:50-22:00,Break,Stretch,Break,N/A
2025-12-01,Monday,Evening,22:00-22:50,Geography,NCERT Class 7 (Our Environment): Ch 2 - Inside Our Earth (Crust/Mantle/Core),Read,NCERT Class 7 Geo
2025-12-02,Tuesday,Morning,04:00-04:50,Flashcards,Review: Flashcards Geography Class 6 (Created Sunday),Flashcard Review,Anki Deck
2025-12-02,Tuesday,Morning,04:50-05:00,Break,Hydrate,Break,N/A
2025-12-02,Tuesday,Morning,05:00-05:50,History,NCERT Class 7: Ch 3 - The Delhi Sultans (Slave to Lodi),Read,NCERT Class 7 History
2025-12-02,Tuesday,Morning,05:50-06:00,Break,Walk,Break,N/A
2025-12-02,Tuesday,Morning,06:00-06:50,History,NCERT Class 7: Ch 4 - The Mughal Empire,Read,NCERT Class 7 History
2025-12-02,Tuesday,Evening,20:00-20:50,Current Affairs,Daily News Analysis: Editorial + Notes,Read,The Hindu
2025-12-02,Tuesday,Evening,20:50-21:00,Break,Eye Rest,Break,N/A
2025-12-02,Tuesday,Evening,21:00-21:50,Geography,NCERT Class 7: Ch 3 - Our Changing Earth (Volcanoes/Earthquakes),Read,NCERT Class 7 Geo
2025-12-02,Tuesday,Evening,21:50-22:00,Break,Stretch,Break,N/A
2025-12-02,Tuesday,Evening,22:00-22:50,Geography,NCERT Class 7: Ch 4 - Air (Composition/Structure),Read,NCERT Class 7 Geo
2025-12-03,Wednesday,Morning,04:00-04:50,History,NCERT Class 7: Ch 5 - Rulers and Buildings,Read,NCERT Class 7 History
2025-12-03,Wednesday,Morning,04:50-05:00,Break,Hydrate,Break,N/A
2025-12-03,Wednesday,Morning,05:00-05:50,History,NCERT Class 7: Ch 6 - Towns Traders and Craftspersons,Read,NCERT Class 7 History
2025-12-03,Wednesday,Morning,05:50-06:00,Break,Walk,Break,N/A
2025-12-03,Wednesday,Morning,06:00-06:50,History,NCERT Class 7: Ch 7 - Tribes Nomads and Settled Communities,Read,NCERT Class 7 History
2025-12-03,Wednesday,Evening,20:00-20:50,Current Affairs,Daily News Analysis: Editorial + Notes,Read,The Hindu
2025-12-03,Wednesday,Evening,20:50-21:00,Break,Eye Rest,Break,N/A
2025-12-03,Wednesday,Evening,21:00-21:50,Geography,NCERT Class 7: Ch 5 - Water (Waves/Tides/Currents),Read,NCERT Class 7 Geo
2025-12-03,Wednesday,Evening,21:50-22:00,Break,Stretch,Break,N/A
2025-12-03,Wednesday,Evening,22:00-22:50,Geography,NCERT Class 7: Ch 6 - Natural Vegetation and Wildlife,Read,NCERT Class 7 Geo
2025-12-04,Thursday,Morning,04:00-04:50,History,NCERT Class 7: Ch 8 - Devotional Paths to the Divine (Bhakti/Sufi),Read,NCERT Class 7 History
2025-12-04,Thursday,Morning,04:50-05:00,Break,Hydrate,Break,N/A
2025-12-04,Thursday,Morning,05:00-05:50,History,NCERT Class 7: Ch 9 - The Making of Regional Cultures,Read,NCERT Class 7 History
2025-12-04,Thursday,Morning,05:50-06:00,Break,Walk,Break,N/A
2025-12-04,Thursday,Morning,06:00-06:50,History,NCERT Class 7: Ch 10 - Eighteenth-Century Political Formations,Read,NCERT Class 7 History
2025-12-04,Thursday,Evening,20:00-20:50,Current Affairs,Daily News Analysis: Editorial + Notes,Read,The Hindu
2025-12-04,Thursday,Evening,20:50-21:00,Break,Eye Rest,Break,N/A
2025-12-04,Thursday,Evening,21:00-21:50,Geography,NCERT Class 7: Ch 7 - Human Environment (Settlement/Transport),Read,NCERT Class 7 Geo
2025-12-04,Thursday,Evening,21:50-22:00,Break,Stretch,Break,N/A
2025-12-04,Thursday,Evening,22:00-22:50,Geography,NCERT Class 7: Ch 8 - Human Env Interactions (Tropical/Subtropical),Read,NCERT Class 7 Geo
2025-12-05,Friday,Morning,04:00-04:50,Flashcards,Task: CREATE Flashcards for History Class 7 (Entire Book),Flashcard Creation,Anki / Paper
2025-12-05,Friday,Morning,04:50-05:00,Break,Hydrate,Break,N/A
2025-12-05,Friday,Morning,05:00-05:50,Flashcards,Review: Flashcards History Class 7 (New Cards),Flashcard Review,Anki Deck
2025-12-05,Friday,Morning,05:50-06:00,Break,Walk,Break,N/A
2025-12-05,Friday,Morning,06:00-06:50,Geography,NCERT Class 7: Ch 9 - Life in the Deserts (Hot/Cold),Read,NCERT Class 7 Geo
2025-12-05,Friday,Evening,20:00-20:50,Current Affairs,Daily News Analysis: Editorial + Notes,Read,The Hindu
2025-12-05,Friday,Evening,20:50-21:00,Break,Eye Rest,Break,N/A
2025-12-05,Friday,Evening,21:00-21:50,Flashcards,Task: CREATE Flashcards for Geography Class 7 (Entire Book),Flashcard Creation,Anki / Paper
2025-12-05,Friday,Evening,21:50-22:00,Break,Stretch,Break,N/A
2025-12-05,Friday,Evening,22:00-22:50,Flashcards,Review: Flashcards Geography Class 7 (New Cards),Flashcard Review,Anki Deck
2025-12-06,Saturday,Weekend_Slot_1,09:00-09:50,History,NCERT Class 8 (Our Pasts III): Ch 1 - How When and Where,Read,NCERT Class 8 History
2025-12-06,Saturday,Weekend_Slot_1,09:50-10:00,Break,Hydrate,Break,N/A
2025-12-06,Saturday,Weekend_Slot_1,10:00-10:50,History,NCERT Class 8: Ch 2 - From Trade to Territory (East India Co.),Read,NCERT Class 8 History
2025-12-06,Saturday,Weekend_Slot_1,10:50-11:00,Break,Walk,Break,N/A
2025-12-06,Saturday,Weekend_Slot_1,11:00-11:50,History,NCERT Class 8: Ch 3 - Ruling the Countryside (Revenue Systems),Read,NCERT Class 8 History
2025-12-06,Saturday,Weekend_Slot_2,13:00-13:50,Geography,NCERT Class 8 (Resources): Ch 1 - Resources,Read,NCERT Class 8 Geo
2025-12-06,Saturday,Weekend_Slot_2,13:50-14:00,Break,Rest,Break,N/A
2025-12-06,Saturday,Weekend_Slot_2,14:00-14:50,Geography,NCERT Class 8: Ch 2 - Land Soil Water Vegetation and Wildlife,Read,NCERT Class 8 Geo
2025-12-06,Saturday,Weekend_Slot_2,14:50-15:00,Break,Rest,Break,N/A
2025-12-06,Saturday,Weekend_Slot_2,15:00-15:50,Geography,NCERT Class 8: Ch 3 - Mineral and Power Resources,Read,NCERT Class 8 Geo
2025-12-06,Saturday,Weekend_Slot_3,17:00-17:50,CSAT,Quant: HCF & LCM - Concepts & Properties,Practice,RS Aggarwal
2025-12-06,Saturday,Weekend_Slot_3,17:50-18:00,Break,Eye Rest,Break,N/A
2025-12-06,Saturday,Weekend_Slot_3,18:00-18:50,CSAT,Quant: HCF & LCM - Word Problems,Practice,RS Aggarwal
2025-12-06,Saturday,Weekend_Slot_3,18:50-19:00,Break,Snack,Break,N/A
2025-12-06,Saturday,Weekend_Slot_3,19:00-19:50,Current Affairs,Weekly Compilation: Pages 11-20 (Polity/Governance),Read,Monthly Magazine
2025-12-06,Saturday,Weekend_Slot_4,21:00-22:00,Revision,SRS Review: History Class 6 (Studied 7 Days Ago),Revise,Flashcards created Nov 30
2025-12-07,Sunday,Weekend_Slot_1,09:00-09:50,History,NCERT Class 8: Ch 4 - Tribals Dikus and the Vision of a Golden Age,Read,NCERT Class 8 History
2025-12-07,Sunday,Weekend_Slot_1,09:50-10:00,Break,Hydrate,Break,N/A
2025-12-07,Sunday,Weekend_Slot_1,10:00-10:50,History,NCERT Class 8: Ch 5 - When People Rebel (1857 Revolt),Read,NCERT Class 8 History
2025-12-07,Sunday,Weekend_Slot_1,10:50-11:00,Break,Walk,Break,N/A
2025-12-07,Sunday,Weekend_Slot_1,11:00-11:50,History,NCERT Class 8: Ch 6 - Weavers Iron Smelters and Factory Owners,Read,NCERT Class 8 History
2025-12-07,Sunday,Weekend_Slot_2,13:00-13:50,Geography,NCERT Class 8: Ch 4 - Agriculture (Farming types/Crops),Read,NCERT Class 8 Geo
2025-12-07,Sunday,Weekend_Slot_2,13:50-14:00,Break,Rest,Break,N/A
2025-12-07,Sunday,Weekend_Slot_2,14:00-14:50,Geography,NCERT Class 8: Ch 5 - Industries (Iron/Steel/Cotton),Read,NCERT Class 8 Geo
2025-12-07,Sunday,Weekend_Slot_2,14:50-15:00,Break,Rest,Break,N/A
2025-12-07,Sunday,Weekend_Slot_2,15:00-15:50,Geography,NCERT Class 8: Ch 6 - Human Resources (Population),Read,NCERT Class 8 Geo
2025-12-07,Sunday,Weekend_Slot_3,17:00-18:00,Flashcards,Task: CREATE Flashcards for Geography Class 8 (Entire Book),Flashcard Creation,Anki / Paper
2025-12-07,Sunday,Weekend_Slot_3,18:00-18:10,Break,Eye Rest,Break,N/A
2025-12-07,Sunday,Weekend_Slot_3,18:10-19:00,Flashcards,Review: Flashcards Geography Class 8 (New Cards),Flashcard Review,Anki Deck
2025-12-07,Sunday,Weekend_Slot_4,21:00-22:00,Revision,SRS Review: Geography Class 6 (Studied 7 Days Ago),Revise,Flashcards created Nov 30
2025-12-08,Monday,Morning,04:00-04:50,History,NCERT Class 8: Ch 7 - Civilising the Native Educating the Nation,Read,NCERT Class 8 History
2025-12-08,Monday,Morning,04:50-05:00,Break,Hydrate,Break,N/A
2025-12-08,Monday,Morning,05:00-05:50,History,NCERT Class 8: Ch 8 - Women Caste and Reform,Read,NCERT Class 8 History
2025-12-08,Monday,Morning,05:50-06:00,Break,Walk,Break,N/A
2025-12-08,Monday,Morning,06:00-06:50,History,NCERT Class 8: Ch 9 - The Making of the National Movement 1870s-1947,Read,NCERT Class 8 History
2025-12-08,Monday,Evening,20:00-20:50,Current Affairs,Daily News Analysis: Editorial + Notes,Read,The Hindu
2025-12-08,Monday,Evening,20:50-21:00,Break,Eye Rest,Break,N/A
2025-12-08,Monday,Evening,21:00-21:50,History,NCERT Class 8: Ch 10 - India After Independence (Foundations),Read,NCERT Class 8 History
2025-12-08,Monday,Evening,21:50-22:00,Break,Stretch,Break,N/A
2025-12-08,Monday,Evening,22:00-22:50,Polity,NCERT Class 11 (Constitution): Ch 1 - Constitution: Why and How?,Read,NCERT Indian Const. at Work
2025-12-09,Tuesday,Morning,04:00-04:50,Flashcards,Task: CREATE Flashcards for History Class 8 (Entire Book),Flashcard Creation,Anki / Paper
2025-12-09,Tuesday,Morning,04:50-05:00,Break,Hydrate,Break,N/A
2025-12-09,Tuesday,Morning,05:00-05:50,Flashcards,Review: Flashcards History Class 8 (New Cards),Flashcard Review,Anki Deck
2025-12-09,Tuesday,Morning,05:50-06:00,Break,Walk,Break,N/A
2025-12-09,Tuesday,Morning,06:00-06:50,Polity,NCERT Class 11: Ch 2 - Rights in the Indian Constitution (Fundamental Rights),Read,NCERT Indian Const. at Work
2025-12-09,Tuesday,Evening,20:00-20:50,Current Affairs,Daily News Analysis: Editorial + Notes,Read,The Hindu
2025-12-09,Tuesday,Evening,20:50-21:00,Break,Eye Rest,Break,N/A
2025-12-09,Tuesday,Evening,21:00-21:50,Polity,NCERT Class 11: Ch 2 - Rights (Finish FRs + DPSP/Duties),Read,NCERT Indian Const. at Work
2025-12-09,Tuesday,Evening,21:50-22:00,Break,Stretch,Break,N/A
2025-12-09,Tuesday,Evening,22:00-22:50,Revision,Active Recall: List all Fundamental Rights 14-32 on paper,Practice,Blank Paper
2025-12-10,Wednesday,Morning,04:00-04:50,Polity,NCERT Class 11: Ch 3 - Election and Representation (FPTP vs PR),Read,NCERT Indian Const. at Work
2025-12-10,Wednesday,Morning,04:50-05:00,Break,Hydrate,Break,N/A
2025-12-10,Wednesday,Morning,05:00-05:50,Polity,NCERT Class 11: Ch 4 - Executive (President/PM/COM),Read,NCERT Indian Const. at Work
2025-12-10,Wednesday,Morning,05:50-06:00,Break,Walk,Break,N/A
2025-12-10,Wednesday,Morning,06:00-06:50,Polity,NCERT Class 11: Ch 4 - Executive (Permanent Executive/Bureaucracy),Read,NCERT Indian Const. at Work
2025-12-10,Wednesday,Evening,20:00-20:50,Current Affairs,Daily News Analysis: Editorial + Notes,Read,The Hindu
2025-12-10,Wednesday,Evening,20:50-21:00,Break,Eye Rest,Break,N/A
2025-12-10,Wednesday,Evening,21:00-21:50,Polity,NCERT Class 11: Ch 5 - Legislature (Parliament Structure),Read,NCERT Indian Const. at Work
2025-12-10,Wednesday,Evening,21:50-22:00,Break,Stretch,Break,N/A
2025-12-10,Wednesday,Evening,22:00-22:50,Revision,SRS Review: History Class 7 (Studied 7 Days Ago),Revise,Flashcards created Dec 5
2025-12-11,Thursday,Morning,04:00-04:50,Polity,NCERT Class 11: Ch 5 - Legislature (Law Making/Funds/Committees),Read,NCERT Indian Const. at Work
2025-12-11,Thursday,Morning,04:50-05:00,Break,Hydrate,Break,N/A
2025-12-11,Thursday,Morning,05:00-05:50,Polity,NCERT Class 11: Ch 6 - Judiciary (Supreme Court Roles),Read,NCERT Indian Const. at Work
2025-12-11,Thursday,Morning,05:50-06:00,Break,Walk,Break,N/A
2025-12-11,Thursday,Morning,06:00-06:50,Polity,NCERT Class 11: Ch 6 - Judiciary (Judicial Activism/Review),Read,NCERT Indian Const. at Work
2025-12-11,Thursday,Evening,20:00-20:50,Current Affairs,Daily News Analysis: Editorial + Notes,Read,The Hindu
2025-12-11,Thursday,Evening,20:50-21:00,Break,Eye Rest,Break,N/A
2025-12-11,Thursday,Evening,21:00-21:50,Polity,NCERT Class 11: Ch 7 - Federalism (Centre-State Relations),Read,NCERT Indian Const. at Work
2025-12-11,Thursday,Evening,21:50-22:00,Break,Stretch,Break,N/A
2025-12-11,Thursday,Evening,22:00-22:50,Revision,SRS Review: Geography Class 7 (Studied 7 Days Ago),Revise,Flashcards created Dec 5
2025-12-12,Friday,Morning,04:00-04:50,Polity,NCERT Class 11: Ch 8 - Local Governments (Panchayats/Municipalities),Read,NCERT Indian Const. at Work
2025-12-12,Friday,Morning,04:50-05:00,Break,Hydrate,Break,N/A
2025-12-12,Friday,Morning,05:00-05:50,Polity,NCERT Class 11: Ch 9 - Constitution as a Living Document,Read,NCERT Indian Const. at Work
2025-12-12,Friday,Morning,05:50-06:00,Break,Walk,Break,N/A
2025-12-12,Friday,Morning,06:00-06:50,Polity,NCERT Class 11: Ch 10 - The Philosophy of the Constitution,Read,NCERT Indian Const. at Work
2025-12-12,Friday,Evening,20:00-20:50,Buffer,BUFFER SLOT: Catch up on any unfinished Polity chapters from this week,Buffer,Notes/NCERT
2025-12-12,Friday,Evening,20:50-21:00,Break,Eye Rest,Break,N/A
2025-12-12,Friday,Evening,21:00-21:50,Flashcards,Task: CREATE Flashcards for Polity Class 11 (Constitution at Work),Flashcard Creation,Anki / Paper
2025-12-12,Friday,Evening,21:50-22:00,Break,Stretch,Break,N/A
2025-12-12,Friday,Evening,22:00-22:50,Flashcards,Review: Flashcards Polity Class 11 (New Cards),Flashcard Review,Anki Deck
2025-12-13,Saturday,Weekend_Slot_1,09:00-09:50,Polity,NCERT Class 11 (Pol Theory): Ch 1 - Political Theory: An Introduction,Read,NCERT Political Theory
2025-12-13,Saturday,Weekend_Slot_1,09:50-10:00,Break,Hydrate,Break,N/A
2025-12-13,Saturday,Weekend_Slot_1,10:00-10:50,Polity,NCERT Class 11 (Pol Theory): Ch 2 - Freedom (Liberty concepts),Read,NCERT Political Theory
2025-12-13,Saturday,Weekend_Slot_1,10:50-11:00,Break,Walk,Break,N/A
2025-12-13,Saturday,Weekend_Slot_1,11:00-11:50,Polity,NCERT Class 11 (Pol Theory): Ch 3 - Equality,Read,NCERT Political Theory
2025-12-13,Saturday,Weekend_Slot_2,13:00-13:50,Polity,NCERT Class 11 (Pol Theory): Ch 4 - Social Justice,Read,NCERT Political Theory
2025-12-13,Saturday,Weekend_Slot_2,13:50-14:00,Break,Rest,Break,N/A
2025-12-13,Saturday,Weekend_Slot_2,14:00-14:50,Polity,NCERT Class 11 (Pol Theory): Ch 5 - Rights,Read,NCERT Political Theory
2025-12-13,Saturday,Weekend_Slot_2,14:50-15:00,Break,Rest,Break,N/A
2025-12-13,Saturday,Weekend_Slot_2,15:00-15:50,Polity,NCERT Class 11 (Pol Theory): Ch 6 - Citizenship,Read,NCERT Political Theory
2025-12-13,Saturday,Weekend_Slot_3,17:00-17:50,CSAT,Reasoning: Series Completion (Number/Alphabet),Practice,RS Aggarwal
2025-12-13,Saturday,Weekend_Slot_3,17:50-18:00,Break,Eye Rest,Break,N/A
2025-12-13,Saturday,Weekend_Slot_3,18:00-18:50,CSAT,Reasoning: Coding-Decoding,Practice,RS Aggarwal
2025-12-13,Saturday,Weekend_Slot_3,18:50-19:00,Break,Snack,Break,N/A
2025-12-13,Saturday,Weekend_Slot_3,19:00-19:50,Current Affairs,Weekly Compilation: Pages 21-30 (Economy News),Read,Monthly Magazine
2025-12-13,Saturday,Weekend_Slot_4,21:00-22:00,Revision,SRS Review: History Class 8 (Studied 7 Days Ago),Revise,Flashcards created Dec 9
2025-12-14,Sunday,Weekend_Slot_1,09:00-09:50,Mock Test,TEST 1: Sectional (History 6-8 + Geo 6-8 + Polity Const),Mock Test,Sectional Test Series
2025-12-14,Sunday,Weekend_Slot_1,09:50-10:00,Break,Hydrate,Break,N/A
2025-12-14,Sunday,Weekend_Slot_1,10:00-10:50,Mock Test,TEST 1: Continue/Finish,Mock Test,Sectional Test Series
2025-12-14,Sunday,Weekend_Slot_1,10:50-11:00,Break,Walk,Break,N/A
2025-12-14,Sunday,Weekend_Slot_1,11:00-12:00,Analysis,Review Answers: Identify "Silly Mistakes" vs "Knowledge Gaps",Analysis,Self-Analysis Journal
2025-12-14,Sunday,Weekend_Slot_2,13:00-13:50,Polity,NCERT Class 11 (Pol Theory): Ch 7 - Nationalism,Read,NCERT Political Theory
2025-12-14,Sunday,Weekend_Slot_2,13:50-14:00,Break,Rest,Break,N/A
2025-12-14,Sunday,Weekend_Slot_2,14:00-14:50,Polity,NCERT Class 11 (Pol Theory): Ch 8 - Secularism,Read,NCERT Political Theory
2025-12-14,Sunday,Weekend_Slot_2,14:50-15:00,Break,Rest,Break,N/A
2025-12-14,Sunday,Weekend_Slot_2,15:00-16:00,Flashcards,Task: CREATE Flashcards for Polity Class 11 (Political Theory),Flashcard Creation,Anki / Paper
2025-12-14,Sunday,Weekend_Slot_3,17:00-17:50,Geography,NCERT Class 9 (Contemporary India I): Ch 1 - India Size and Location,Read,NCERT Class 9 Geo
2025-12-14,Sunday,Weekend_Slot_3,17:50-18:00,Break,Eye Rest,Break,N/A
2025-12-14,Sunday,Weekend_Slot_3,18:00-18:50,Geography,NCERT Class 9: Ch 2 - Physical Features of India (Himalayas/Plains),Read,NCERT Class 9 Geo
2025-12-14,Sunday,Weekend_Slot_4,21:00-22:00,Revision,SRS Review: Geography Class 8 (Studied 7 Days Ago),Revise,Flashcards created Dec 7
2025-12-15,Monday,Morning,04:00-04:50,Flashcards,Review: Flashcards Polity Class 11 Pol Theory (New Cards),Flashcard Review,Anki Deck
2025-12-15,Monday,Morning,04:50-05:00,Break,Hydrate,Break,N/A
2025-12-15,Monday,Morning,05:00-05:50,Geography,NCERT Class 9: Ch 3 - Drainage (Himalayan vs Peninsular Rivers),Read,NCERT Class 9 Geo
2025-12-15,Monday,Morning,05:50-06:00,Break,Walk,Break,N/A
2025-12-15,Monday,Morning,06:00-06:50,Geography,NCERT Class 9: Ch 3 - Drainage (Lakes/Role in Economy),Read,NCERT Class 9 Geo
2025-12-15,Monday,Evening,20:00-20:50,Current Affairs,Daily News Analysis: Editorial + Notes,Read,The Hindu
2025-12-15,Monday,Evening,20:50-21:00,Break,Eye Rest,Break,N/A
2025-12-15,Monday,Evening,21:00-21:50,Economy,NCERT Class 9 (Economics): Ch 1 - The Story of Village Palampur (Basic Concepts),Read,NCERT Class 9 Eco
2025-12-15,Monday,Evening,21:50-22:00,Break,Stretch,Break,N/A
2025-12-15,Monday,Evening,22:00-22:50,Economy,NCERT Class 9: Ch 2 - People as Resource (Health/Education),Read,NCERT Class 9 Eco
2025-12-16,Tuesday,Morning,04:00-04:50,Geography,NCERT Class 9: Ch 4 - Climate (Monsoon Mechanism),Read,NCERT Class 9 Geo
2025-12-16,Tuesday,Morning,04:50-05:00,Break,Hydrate,Break,N/A
2025-12-16,Tuesday,Morning,05:00-05:50,Geography,NCERT Class 9: Ch 4 - Climate (Seasons/Distribution of Rainfall),Read,NCERT Class 9 Geo
2025-12-16,Tuesday,Morning,05:50-06:00,Break,Walk,Break,N/A
2025-12-16,Tuesday,Morning,06:00-06:50,Geography,NCERT Class 9: Ch 5 - Natural Vegetation and Wildlife,Read,NCERT Class 9 Geo
2025-12-16,Tuesday,Evening,20:00-20:50,Current Affairs,Daily News Analysis: Editorial + Notes,Read,The Hindu
2025-12-16,Tuesday,Evening,20:50-21:00,Break,Eye Rest,Break,N/A
2025-12-16,Tuesday,Evening,21:00-21:50,Economy,NCERT Class 9: Ch 3 - Poverty as a Challenge,Read,NCERT Class 9 Eco
2025-12-16,Tuesday,Evening,21:50-22:00,Break,Stretch,Break,N/A
2025-12-16,Tuesday,Evening,22:00-22:50,Economy,NCERT Class 9: Ch 4 - Food Security in India,Read,NCERT Class 9 Eco
2025-12-17,Wednesday,Morning,04:00-04:50,Geography,NCERT Class 9: Ch 6 - Population,Read,NCERT Class 9 Geo
2025-12-17,Wednesday,Morning,04:50-05:00,Break,Hydrate,Break,N/A
2025-12-17,Wednesday,Morning,05:00-06:00,Flashcards,Task: CREATE Flashcards for Geography Class 9 (Entire Book),Flashcard Creation,Anki / Paper
2025-12-17,Wednesday,Morning,06:00-06:50,Flashcards,Task: CREATE Flashcards for Economy Class 9 (Entire Book),Flashcard Creation,Anki / Paper
2025-12-17,Wednesday,Evening,20:00-20:50,Current Affairs,Daily News Analysis: Editorial + Notes,Read,The Hindu
2025-12-17,Wednesday,Evening,20:50-21:00,Break,Eye Rest,Break,N/A
2025-12-17,Wednesday,Evening,21:00-21:50,Flashcards,Review: Flashcards Geo Class 9 & Eco Class 9,Flashcard Review,Anki Deck
2025-12-17,Wednesday,Evening,21:50-22:00,Break,Stretch,Break,N/A
2025-12-17,Wednesday,Evening,22:00-22:50,Revision,SRS Review: Polity Class 11 Const (Studied 7 Days Ago),Revise,Flashcards created Dec 12
2025-12-18,Thursday,Morning,04:00-04:50,Geography,NCERT Class 10 (Contemporary India II): Ch 1 - Resources and Development,Read,NCERT Class 10 Geo
2025-12-18,Thursday,Morning,04:50-05:00,Break,Hydrate,Break,N/A
2025-12-18,Thursday,Morning,05:00-05:50,Geography,NCERT Class 10: Ch 2 - Forest and Wildlife Resources,Read,NCERT Class 10 Geo
2025-12-18,Thursday,Morning,05:50-06:00,Break,Walk,Break,N/A
2025-12-18,Thursday,Morning,06:00-06:50,Geography,NCERT Class 10: Ch 3 - Water Resources,Read,NCERT Class 10 Geo
2025-12-18,Thursday,Evening,20:00-20:50,Current Affairs,Daily News Analysis: Editorial + Notes,Read,The Hindu
2025-12-18,Thursday,Evening,20:50-21:00,Break,Eye Rest,Break,N/A
2025-12-18,Thursday,Evening,21:00-21:50,Geography,NCERT Class 10: Ch 4 - Agriculture,Read,NCERT Class 10 Geo
2025-12-18,Thursday,Evening,21:50-22:00,Break,Stretch,Break,N/A
2025-12-18,Thursday,Evening,22:00-22:50,Revision,SRS Review: Polity Class 11 Theory (Studied 7 Days Ago),Revise,Flashcards created Dec 14
2025-12-19,Friday,Morning,04:00-04:50,Geography,NCERT Class 10: Ch 5 - Minerals and Energy Resources,Read,NCERT Class 10 Geo
2025-12-19,Friday,Morning,04:50-05:00,Break,Hydrate,Break,N/A
2025-12-19,Friday,Morning,05:00-05:50,Geography,NCERT Class 10: Ch 6 - Manufacturing Industries,Read,NCERT Class 10 Geo
2025-12-19,Friday,Morning,05:50-06:00,Break,Walk,Break,N/A
2025-12-19,Friday,Morning,06:00-06:50,Geography,NCERT Class 10: Ch 7 - Lifelines of National Economy,Read,NCERT Class 10 Geo
2025-12-19,Friday,Evening,20:00-20:50,Current Affairs,Daily News Analysis: Editorial + Notes,Read,The Hindu
2025-12-19,Friday,Evening,20:50-21:00,Break,Eye Rest,Break,N/A
2025-12-19,Friday,Evening,21:00-21:50,Flashcards,Task: CREATE Flashcards for Geography Class 10 (Entire Book),Flashcard Creation,Anki / Paper
2025-12-19,Friday,Evening,21:50-22:00,Break,Stretch,Break,N/A
2025-12-19,Friday,Evening,22:00-22:50,Revision,SRS Review: Polity Class 11 Const (Studied 7 Days Ago),Revise,Flashcards created Dec 12
2025-12-20,Saturday,Weekend_Slot_1,09:00-09:50,Economy,NCERT Class 10 (Understanding Eco Dev): Ch 1 - Development,Read,NCERT Class 10 Eco
2025-12-20,Saturday,Weekend_Slot_1,09:50-10:00,Break,Hydrate,Break,N/A
2025-12-20,Saturday,Weekend_Slot_1,10:00-10:50,Economy,NCERT Class 10: Ch 2 - Sectors of the Indian Economy,Read,NCERT Class 10 Eco
2025-12-20,Saturday,Weekend_Slot_1,10:50-11:00,Break,Walk,Break,N/A
2025-12-20,Saturday,Weekend_Slot_1,11:00-11:50,Economy,NCERT Class 10: Ch 3 - Money and Credit,Read,NCERT Class 10 Eco
2025-12-20,Saturday,Weekend_Slot_2,13:00-13:50,Economy,NCERT Class 10: Ch 4 - Globalisation and the Indian Economy,Read,NCERT Class 10 Eco
2025-12-20,Saturday,Weekend_Slot_2,13:50-14:00,Break,Rest,Break,N/A
2025-12-20,Saturday,Weekend_Slot_2,14:00-14:50,Economy,NCERT Class 10: Ch 5 - Consumer Rights,Read,NCERT Class 10 Eco
2025-12-20,Saturday,Weekend_Slot_2,14:50-15:00,Break,Rest,Break,N/A
2025-12-20,Saturday,Weekend_Slot_2,15:00-16:00,Flashcards,Task: CREATE Flashcards for Economy Class 10 (Entire Book),Flashcard Creation,Anki / Paper
2025-12-20,Saturday,Weekend_Slot_3,17:00-17:50,CSAT,Quant: Averages (Simple to Complex),Practice,RS Aggarwal
2025-12-20,Saturday,Weekend_Slot_3,17:50-18:00,Break,Eye Rest,Break,N/A
2025-12-20,Saturday,Weekend_Slot_3,18:00-18:50,CSAT,Quant: Ratio & Proportion Basics,Practice,RS Aggarwal
2025-12-20,Saturday,Weekend_Slot_3,18:50-19:00,Break,Snack,Break,N/A
2025-12-20,Saturday,Weekend_Slot_3,19:00-19:50,Current Affairs,Weekly Compilation: Pages 31-40 (International Relations),Read,Monthly Magazine
2025-12-20,Saturday,Weekend_Slot_4,21:00-22:00,Revision,SRS Review: Polity Class 11 Theory (Studied 7 Days Ago),Revise,Flashcards created Dec 14
2025-12-21,Sunday,Weekend_Slot_1,09:00-09:50,Mock Test,TEST 2: Sectional (Polity Cl 11 + Economy Cl 9),Mock Test,Sectional Test Series
2025-12-21,Sunday,Weekend_Slot_1,09:50-10:00,Break,Hydrate,Break,N/A
2025-12-21,Sunday,Weekend_Slot_1,10:00-10:50,Mock Test,TEST 2: Continue/Finish,Mock Test,Sectional Test Series
2025-12-21,Sunday,Weekend_Slot_1,10:50-11:00,Break,Walk,Break,N/A
2025-12-21,Sunday,Weekend_Slot_1,11:00-12:00,Analysis,Review Answers: Focus on Conceptual Clarity in Polity,Analysis,Self-Analysis Journal
2025-12-21,Sunday,Weekend_Slot_2,13:00-13:50,Flashcards,Review: Flashcards Economy Class 10 (New Cards),Flashcard Review,Anki Deck
2025-12-21,Sunday,Weekend_Slot_2,13:50-14:00,Break,Rest,Break,N/A
2025-12-21,Sunday,Weekend_Slot_2,14:00-14:50,Buffer,Buffer Slot: Catch up on any lagging Economy concepts,Buffer,Notes/NCERT
2025-12-21,Sunday,Weekend_Slot_2,14:50-15:00,Break,Rest,Break,N/A
2025-12-21,Sunday,Weekend_Slot_2,15:00-16:00,Revision,SRS Review: Geography Class 9 (Studied 7 Days Ago),Revise,Flashcards created Dec 17
2025-12-21,Sunday,Weekend_Slot_3,17:00-17:50,Revision,30-DAY REVIEW: History Class 6 (Recall Major Dynasties),Revise,Flashcards created Nov 30
2025-12-21,Sunday,Weekend_Slot_3,17:50-18:00,Break,Eye Rest,Break,N/A
2025-12-21,Sunday,Weekend_Slot_3,18:00-18:50,Revision,30-DAY REVIEW: Geography Class 6 (Recall Lat/Long/Motions),Revise,Flashcards created Nov 30
2025-12-21,Sunday,Weekend_Slot_4,21:00-22:00,Planning,Plan for Next Week: Ancient History Setup,Admin,Planner
2025-12-22,Monday,Morning,04:00-04:50,History,Class 11 Ancient (RS Sharma): Ch 1-2 (Significance/Ecology),Read,RS Sharma (Old NCERT)
2025-12-22,Monday,Morning,04:50-05:00,Break,Hydrate,Break,N/A
2025-12-22,Monday,Morning,05:00-05:50,History,Class 11 Ancient: Ch 3 - The Stone Age (Paleo/Meso/Neo),Read,RS Sharma (Old NCERT)
2025-12-22,Monday,Morning,05:50-06:00,Break,Walk,Break,N/A
2025-12-22,Monday,Morning,06:00-06:50,History,Class 11 Ancient: Ch 4 - Chalcolithic Farming Cultures,Read,RS Sharma (Old NCERT)
2025-12-22,Monday,Evening,20:00-20:50,Current Affairs,Daily News Analysis: Editorial + Notes,Read,The Hindu
2025-12-22,Monday,Evening,20:50-21:00,Break,Eye Rest,Break,N/A
2025-12-22,Monday,Evening,21:00-21:50,Revision,SRS Review: Economy Class 9 (Studied 7 Days Ago),Revise,Flashcards created Dec 17
2025-12-22,Monday,Evening,21:50-22:00,Break,Stretch,Break,N/A
2025-12-22,Monday,Evening,22:00-22:50,Buffer,Buffer Slot,Buffer,N/A
2025-12-23,Tuesday,Morning,04:00-04:50,History,Class 11 Ancient: Ch 5 - Harappan Civilisation (Urban planning/Trade),Read,RS Sharma (Old NCERT)
2025-12-23,Tuesday,Morning,04:50-05:00,Break,Hydrate,Break,N/A
2025-12-23,Tuesday,Morning,05:00-05:50,History,Class 11 Ancient: Ch 6 - Advent of Aryans & Rig Vedic Age,Read,RS Sharma (Old NCERT)
2025-12-23,Tuesday,Morning,05:50-06:00,Break,Walk,Break,N/A
2025-12-23,Tuesday,Morning,06:00-06:50,History,Class 11 Ancient: Ch 7 - Later Vedic Phase (Social/Political Changes),Read,RS Sharma (Old NCERT)
2025-12-23,Tuesday,Evening,20:00-20:50,Current Affairs,Daily News Analysis: Editorial + Notes,Read,The Hindu
2025-12-23,Tuesday,Evening,20:50-21:00,Break,Eye Rest,Break,N/A
2025-12-23,Tuesday,Evening,21:00-21:50,Revision,SRS Review: Geography Class 10 (Studied 7 Days Ago),Revise,Flashcards created Dec 19
2025-12-23,Tuesday,Evening,21:50-22:00,Break,Stretch,Break,N/A
2025-12-23,Tuesday,Evening,22:00-22:50,Revision,Quick Scan of Harappan Sites Map,Revise,Atlas
2025-12-24,Wednesday,Morning,04:00-04:50,History,Class 11 Ancient: Ch 8 - Jainism and Buddhism (Causes/Teachings),Read,RS Sharma (Old NCERT)
2025-12-24,Wednesday,Morning,04:50-05:00,Break,Hydrate,Break,N/A
2025-12-24,Wednesday,Morning,05:00-05:50,History,Class 11 Ancient: Ch 9 - Mahajanapadas & Magadha Empire,Read,RS Sharma (Old NCERT)
2025-12-24,Wednesday,Morning,05:50-06:00,Break,Walk,Break,N/A
2025-12-24,Wednesday,Morning,06:00-06:50,History,Class 11 Ancient: Ch 10 - Iranian & Macedonian Invasions,Read,RS Sharma (Old NCERT)
2025-12-24,Wednesday,Evening,20:00-20:50,Current Affairs,Daily News Analysis: Editorial + Notes,Read,The Hindu
2025-12-24,Wednesday,Evening,20:50-21:00,Break,Eye Rest,Break,N/A
2025-12-24,Wednesday,Evening,21:00-21:50,Revision,SRS Review: Economy Class 10 (Studied 7 Days Ago),Revise,Flashcards created Dec 20
2025-12-24,Wednesday,Evening,21:50-22:00,Break,Stretch,Break,N/A
2025-12-24,Wednesday,Evening,22:00-22:50,Revision,SRS Review: Polity Class 11 (General Review),Revise,Flashcards
2025-12-25,Thursday,Morning,04:00-04:50,History,Class 11 Ancient: Ch 11 - State and Varna in Age of Buddha,Read,RS Sharma (Old NCERT)
2025-12-25,Thursday,Morning,04:50-05:00,Break,Hydrate,Break,N/A
2025-12-25,Thursday,Morning,05:00-05:50,History,Class 11 Ancient: Ch 12 - The Mauryan Age (Admin/Ashoka),Read,RS Sharma (Old NCERT)
2025-12-25,Thursday,Morning,05:50-06:00,Break,Walk,Break,N/A
2025-12-25,Thursday,Morning,06:00-06:50,History,Class 11 Ancient: Ch 13 - Significance of Mauryan Rule,Read,RS Sharma (Old NCERT)
2025-12-25,Thursday,Evening,20:00-20:50,Current Affairs,Daily News Analysis: Editorial + Notes,Read,The Hindu
2025-12-25,Thursday,Evening,20:50-21:00,Break,Eye Rest,Break,N/A
2025-12-25,Thursday,Evening,21:00-21:50,Flashcards,Task: CREATE Flashcards for History Ancient Ch 1-13,Flashcard Creation,Anki / Paper
2025-12-25,Thursday,Evening,21:50-22:00,Break,Stretch,Break,N/A
2025-12-25,Thursday,Evening,22:00-22:50,Flashcards,Review: Flashcards History Ancient (New Cards),Flashcard Review,Anki Deck
2025-12-26,Friday,Morning,04:00-04:50,History,Class 11 Ancient: Ch 14 - Central Asian Contacts (Kushans/Kanishka),Read,RS Sharma (Old NCERT)
2025-12-26,Friday,Morning,04:50-05:00,Break,Hydrate,Break,N/A
2025-12-26,Friday,Morning,05:00-05:50,History,Class 11 Ancient: Ch 15 - Age of Satavahanas (Deccan Power),Read,RS Sharma (Old NCERT)
2025-12-26,Friday,Morning,05:50-06:00,Break,Walk,Break,N/A
2025-12-26,Friday,Morning,06:00-06:50,History,Class 11 Ancient: Ch 16 - Dawn of History in Deep South (Sangam Age),Read,RS Sharma (Old NCERT)
2025-12-26,Friday,Evening,20:00-20:50,Current Affairs,Daily News Analysis: Editorial + Notes,Read,The Hindu
2025-12-26,Friday,Evening,20:50-21:00,Break,Eye Rest,Break,N/A
2025-12-26,Friday,Evening,21:00-21:50,History,Class 11 Ancient: Ch 17 - Gupta Empire (Rise/Growth),Read,RS Sharma (Old NCERT)
2025-12-26,Friday,Evening,21:50-22:00,Break,Stretch,Break,N/A
2025-12-26,Friday,Evening,22:00-22:50,History,Class 11 Ancient: Ch 18 - Life in Gupta Age (Golden Age?),Read,RS Sharma (Old NCERT)
2025-12-27,Saturday,Weekend_Slot_1,09:00-09:50,History,Class 11 Ancient: Ch 19 - Harsha and His Times,Read,RS Sharma (Old NCERT)
2025-12-27,Saturday,Weekend_Slot_1,09:50-10:00,Break,Hydrate,Break,N/A
2025-12-27,Saturday,Weekend_Slot_1,10:00-10:50,History,Class 11 Ancient: Ch 20 - Formation of New States in Deccan/South,Read,RS Sharma (Old NCERT)
2025-12-27,Saturday,Weekend_Slot_1,10:50-11:00,Break,Walk,Break,N/A
2025-12-27,Saturday,Weekend_Slot_1,11:00-11:50,History,Class 11 Ancient: Ch 21 - Sequence of Social Changes,Read,RS Sharma (Old NCERT)
2025-12-27,Saturday,Weekend_Slot_2,13:00-13:50,History,Class 11 Ancient: Ch 22 - Legacy in Science & Civilisation,Read,RS Sharma (Old NCERT)
2025-12-27,Saturday,Weekend_Slot_2,13:50-14:00,Break,Rest,Break,N/A
2025-12-27,Saturday,Weekend_Slot_2,14:00-14:50,Review,Consolidate: Scan Headings of all RS Sharma Chapters,Revise,RS Sharma (Old NCERT)
2025-12-27,Saturday,Weekend_Slot_2,14:50-15:00,Break,Rest,Break,N/A
2025-12-27,Saturday,Weekend_Slot_2,15:00-16:00,Flashcards,Task: CREATE Flashcards for Ancient History (Post-Mauryan to Gupta),Flashcard Creation,Anki / Paper
2025-12-27,Saturday,Weekend_Slot_3,17:00-17:50,CSAT,Quant: Percentage (Advanced Problems),Practice,RS Aggarwal
2025-12-27,Saturday,Weekend_Slot_3,17:50-18:00,Break,Eye Rest,Break,N/A
2025-12-27,Saturday,Weekend_Slot_3,18:00-18:50,CSAT,Quant: Profit & Loss (Discounts/Marked Price),Practice,RS Aggarwal
2025-12-27,Saturday,Weekend_Slot_3,18:50-19:00,Break,Snack,Break,N/A
2025-12-27,Saturday,Weekend_Slot_3,19:00-19:50,Current Affairs,Weekly Compilation: Pages 41-50 (Science & Tech),Read,Monthly Magazine
2025-12-27,Saturday,Weekend_Slot_4,21:00-22:00,Revision,SRS Review: History Ancient Ch 1-13 (Studied earlier this week),Revise,Flashcards created Dec 25
2025-12-28,Sunday,Weekend_Slot_1,09:00-09:50,Mock Test,TEST 3: Ancient History (RS Sharma Full Syllabus),Mock Test,Sectional Test Series
2025-12-28,Sunday,Weekend_Slot_1,09:50-10:00,Break,Hydrate,Break,N/A
2025-12-28,Sunday,Weekend_Slot_1,10:00-10:50,Mock Test,TEST 3: Continue/Finish,Mock Test,Sectional Test Series
2025-12-28,Sunday,Weekend_Slot_1,10:50-11:00,Break,Walk,Break,N/A
2025-12-28,Sunday,Weekend_Slot_1,11:00-12:00,Analysis,Review Answers: Focus on Chronology & Art/Culture terms,Analysis,Self-Analysis Journal
2025-12-28,Sunday,Weekend_Slot_2,13:00-13:50,History,Class 11 Medieval (Satish Chandra): Ch 1 - India and the World,Read,Satish Chandra (Old NCERT)
2025-12-28,Sunday,Weekend_Slot_2,13:50-14:00,Break,Rest,Break,N/A
2025-12-28,Sunday,Weekend_Slot_2,14:00-14:50,History,Class 11 Medieval: Ch 2 - Northern India (Age of Three Empires),Read,Satish Chandra (Old NCERT)
2025-12-28,Sunday,Weekend_Slot_2,14:50-15:00,Break,Rest,Break,N/A
2025-12-28,Sunday,Weekend_Slot_2,15:00-16:00,Revision,SRS Review: Economy Class 10 (Studied 7 Days Ago),Revise,Flashcards created Dec 20
2025-12-28,Sunday,Weekend_Slot_3,17:00-17:50,History,Class 11 Medieval: Ch 3 - Chola Empire (Village Admin/Navy),Read,Satish Chandra (Old NCERT)
2025-12-28,Sunday,Weekend_Slot_3,17:50-18:00,Break,Eye Rest,Break,N/A
2025-12-28,Sunday,Weekend_Slot_3,18:00-18:50,History,Class 11 Medieval: Ch 4 - Economic/Social Life (Trade/Caste),Read,Satish Chandra (Old NCERT)
2025-12-28,Sunday,Weekend_Slot_4,21:00-22:00,Planning,Plan Week 5: Focus on Delhi Sultanate & Mughals,Admin,Planner
2025-12-29,Monday,Morning,04:00-04:50,History,Class 11 Medieval: Ch 5 - Age of Conflict (Ghaznavids/Ghorids),Read,Satish Chandra (Old NCERT)
2025-12-29,Monday,Morning,04:50-05:00,Break,Hydrate,Break,N/A
2025-12-29,Monday,Morning,05:00-05:50,History,Class 11 Medieval: Ch 6 - Delhi Sultanate (Establishment/Illtumish/Razia),Read,Satish Chandra (Old NCERT)
2025-12-29,Monday,Morning,05:50-06:00,Break,Walk,Break,N/A
2025-12-29,Monday,Morning,06:00-06:50,History,Class 11 Medieval: Ch 7 - Khalji Dynasty (Alauddin's Market Reforms),Read,Satish Chandra (Old NCERT)
2025-12-29,Monday,Evening,20:00-20:50,Current Affairs,Daily News Analysis: Editorial + Notes,Read,The Hindu
2025-12-29,Monday,Evening,20:50-21:00,Break,Eye Rest,Break,N/A
2025-12-29,Monday,Evening,21:00-21:50,Revision,SRS Review: Ancient History (Post-Mauryan/Guptas),Revise,Flashcards created Dec 27
2025-12-29,Monday,Evening,21:50-22:00,Break,Stretch,Break,N/A
2025-12-29,Monday,Evening,22:00-22:50,Buffer,Buffer Slot,Buffer,N/A
2025-12-30,Tuesday,Morning,04:00-04:50,History,Class 11 Medieval: Ch 8 - Tughlaqs (Reforms of Muhammad Bin Tughlaq),Read,Satish Chandra (Old NCERT)
2025-12-30,Tuesday,Morning,04:50-05:00,Break,Hydrate,Break,N/A
2025-12-30,Tuesday,Morning,05:00-05:50,History,Class 11 Medieval: Ch 9 - Delhi Sultanate (Admin/Economy/Social Life),Read,Satish Chandra (Old NCERT)
2025-12-30,Tuesday,Morning,05:50-06:00,Break,Walk,Break,N/A
2025-12-30,Tuesday,Morning,06:00-06:50,History,Class 11 Medieval: Ch 10 - Vijayanagar & Bahmani Kingdoms,Read,Satish Chandra (Old NCERT)
2025-12-30,Tuesday,Evening,20:00-20:50,Current Affairs,Daily News Analysis: Editorial + Notes,Read,The Hindu
2025-12-30,Tuesday,Evening,20:50-21:00,Break,Eye Rest,Break,N/A
2025-12-30,Tuesday,Evening,21:00-21:50,Revision,Review Map: Vijayanagar Empire Borders & Rivers,Revise,Atlas
2025-12-30,Tuesday,Evening,21:50-22:00,Break,Stretch,Break,N/A
2025-12-30,Tuesday,Evening,22:00-22:50,Flashcards,Task: CREATE Flashcards for Medieval Ch 1-10 (Early Medieval),Flashcard Creation,Anki / Paper
2025-12-31,Wednesday,Morning,04:00-04:50,History,Class 11 Medieval: Ch 11 - Religious Movements (Bhakti/Sufi detailed),Read,Satish Chandra (Old NCERT)
2025-12-31,Wednesday,Morning,04:50-05:00,Break,Hydrate,Break,N/A
2025-12-31,Wednesday,Morning,05:00-05:50,History,Class 11 Medieval: Ch 12 - Coming of Mughals (Babur/Humayun),Read,Satish Chandra (Old NCERT)
2025-12-31,Wednesday,Morning,05:50-06:00,Break,Walk,Break,N/A
2025-12-31,Wednesday,Morning,06:00-06:50,History,Class 11 Medieval: Ch 13 - Consolidation of Mughals (Akbar - Rajputs/Religious),Read,Satish Chandra (Old NCERT)
2025-12-31,Wednesday,Evening,20:00-20:50,Current Affairs,Daily News Analysis: Editorial + Notes,Read,The Hindu
2025-12-31,Wednesday,Evening,20:50-21:00,Break,Eye Rest,Break,N/A
2025-12-31,Wednesday,Evening,21:00-21:50,Revision,SRS Review: Polity Class 11 (Random Chapter Check),Revise,Flashcards
2025-12-31,Wednesday,Evening,21:50-22:00,Break,Stretch,Break,N/A
2025-12-31,Wednesday,Evening,22:00-22:50,Year_End,Annual Reflection: Check 1 Month Progress (Foundation Phase Status),Analysis,Journal
2026-01-01,Thursday,Morning,04:00-04:50,History,Class 11 Medieval: Ch 14 - Deccan & Mughals (Up to 1657),Read,Satish Chandra (Old NCERT)
2026-01-01,Thursday,Morning,04:50-05:00,Break,Hydrate,Break,N/A
2026-01-01,Thursday,Morning,05:00-05:50,History,Class 11 Medieval: Ch 15 - India in First Half of 17th Century (Admin/Culture),Read,Satish Chandra (Old NCERT)
2026-01-01,Thursday,Morning,05:50-06:00,Break,Walk,Break,N/A
2026-01-01,Thursday,Morning,06:00-06:50,History,Class 11 Medieval: Ch 16 - Crisis of Empire (Marathas/Aurangzeb),Read,Satish Chandra (Old NCERT)
2026-01-01,Thursday,Evening,20:00-20:50,Current Affairs,Daily News Analysis: Editorial + Notes,Read,The Hindu
2026-01-01,Thursday,Evening,20:50-21:00,Break,Eye Rest,Break,N/A
2026-01-01,Thursday,Evening,21:00-21:50,Flashcards,Task: CREATE Flashcards for Medieval Ch 11-16 (Mughals),Flashcard Creation,Anki / Paper
2026-01-01,Thursday,Evening,21:50-22:00,Break,Stretch,Break,N/A
2026-01-01,Thursday,Evening,22:00-22:50,Flashcards,Review: Flashcards Medieval History (All New Cards),Flashcard Review,Anki Deck
2026-01-02,Friday,Morning,04:00-04:50,History,Class 11 Medieval: Ch 17 - Cultural Development (Architecture/Painting),Read,Satish Chandra (Old NCERT)
2026-01-02,Friday,Morning,04:50-05:00,Break,Hydrate,Break,N/A
2026-01-02,Friday,Morning,05:00-05:50,History,Class 11 Medieval: Ch 18 - Social Life & Standard of Living,Read,Satish Chandra (Old NCERT)
2026-01-02,Friday,Morning,05:50-06:00,Break,Walk,Break,N/A
2026-01-02,Friday,Morning,06:00-06:50,History,Class 11 Medieval: Ch 19 - India in the 18th Century (Decline/New States),Read,Satish Chandra (Old NCERT)
2026-01-02,Friday,Evening,20:00-20:50,Current Affairs,Daily News Analysis: Editorial + Notes,Read,The Hindu
2026-01-02,Friday,Evening,20:50-21:00,Break,Eye Rest,Break,N/A
2026-01-02,Friday,Evening,21:00-21:50,Flashcards,Task: CREATE Flashcards for Medieval Ch 17-19 (Culture/Decline),Flashcard Creation,Anki / Paper
2026-01-02,Friday,Evening,21:50-22:00,Break,Stretch,Break,N/A
2026-01-02,Friday,Evening,22:00-22:50,Revision,SRS Review: Ancient History (Harsha/South India),Revise,Flashcards created Dec 27
2026-01-03,Saturday,Weekend_Slot_1,09:00-09:50,Art & Culture,NCERT Class 11 (Fine Arts): Ch 1 - Pre-historic Rock Paintings,Read,NCERT Fine Arts
2026-01-03,Saturday,Weekend_Slot_1,09:50-10:00,Break,Hydrate,Break,N/A
2026-01-03,Saturday,Weekend_Slot_1,10:00-10:50,Art & Culture,NCERT Class 11 (Fine Arts): Ch 2 - Arts of the Indus Valley,Read,NCERT Fine Arts
2026-01-03,Saturday,Weekend_Slot_1,10:50-11:00,Break,Walk,Break,N/A
2026-01-03,Saturday,Weekend_Slot_1,11:00-11:50,Art & Culture,NCERT Class 11 (Fine Arts): Ch 3 - Arts of the Mauryan Period,Read,NCERT Fine Arts
2026-01-03,Saturday,Weekend_Slot_2,13:00-13:50,Art & Culture,NCERT Class 11 (Fine Arts): Ch 4 - Post-Mauryan Trends (Stupas/Sculpture),Read,NCERT Fine Arts
2026-01-03,Saturday,Weekend_Slot_2,13:50-14:00,Break,Rest,Break,N/A
2026-01-03,Saturday,Weekend_Slot_2,14:00-14:50,Art & Culture,NCERT Class 11 (Fine Arts): Ch 5 - Later Mural Traditions (Ajanta/Ellora),Read,NCERT Fine Arts
2026-01-03,Saturday,Weekend_Slot_2,14:50-15:00,Break,Rest,Break,N/A
2026-01-03,Saturday,Weekend_Slot_2,15:00-16:00,Flashcards,Task: CREATE Flashcards for Art & Culture Ch 1-5,Flashcard Creation,Anki / Paper
2026-01-03,Saturday,Weekend_Slot_3,17:00-17:50,CSAT,Quant: Time & Work (Basic Concepts),Practice,RS Aggarwal
2026-01-03,Saturday,Weekend_Slot_3,17:50-18:00,Break,Eye Rest,Break,N/A
2026-01-03,Saturday,Weekend_Slot_3,18:00-18:50,CSAT,Quant: Time & Work (Pipes & Cisterns),Practice,RS Aggarwal
2026-01-03,Saturday,Weekend_Slot_3,18:50-19:00,Break,Snack,Break,N/A
2026-01-03,Saturday,Weekend_Slot_3,19:00-19:50,Current Affairs,Weekly Compilation: Pages 51-60 (Environment News),Read,Monthly Magazine
2026-01-03,Saturday,Weekend_Slot_4,21:00-22:00,Revision,SRS Review: Medieval History (Early Medieval Ch 1-10),Revise,Flashcards created Dec 30
2026-01-04,Sunday,Weekend_Slot_1,09:00-09:50,Mock Test,TEST 4: Medieval History (Satish Chandra Full Syllabus),Mock Test,Sectional Test Series
2026-01-04,Sunday,Weekend_Slot_1,09:50-10:00,Break,Hydrate,Break,N/A
2026-01-04,Sunday,Weekend_Slot_1,10:00-10:50,Mock Test,TEST 4: Continue/Finish,Mock Test,Sectional Test Series
2026-01-04,Sunday,Weekend_Slot_1,10:50-11:00,Break,Walk,Break,N/A
2026-01-04,Sunday,Weekend_Slot_1,11:00-12:00,Analysis,Review Answers: Focus on Terminologies (Faujdars/Mansabdars etc.),Analysis,Self-Analysis Journal
2026-01-04,Sunday,Weekend_Slot_2,13:00-13:50,Art & Culture,NCERT Class 11 (Fine Arts): Ch 6 - Temple Architecture and Sculpture,Read,NCERT Fine Arts
2026-01-04,Sunday,Weekend_Slot_2,13:50-14:00,Break,Rest,Break,N/A
2026-01-04,Sunday,Weekend_Slot_2,14:00-14:50,Art & Culture,NCERT Class 11 (Fine Arts): Ch 7 - Indian Bronzes,Read,NCERT Fine Arts
2026-01-04,Sunday,Weekend_Slot_2,14:50-15:00,Break,Rest,Break,N/A
2026-01-04,Sunday,Weekend_Slot_2,15:00-16:00,Art & Culture,NCERT Class 11 (Fine Arts): Ch 8 - Indo-Islamic Architecture,Read,NCERT Fine Arts
2026-01-04,Sunday,Weekend_Slot_3,17:00-17:50,Flashcards,Task: CREATE Flashcards for Art & Culture Ch 6-8,Flashcard Creation,Anki / Paper
2026-01-04,Sunday,Weekend_Slot_3,17:50-18:00,Break,Eye Rest,Break,N/A
2026-01-04,Sunday,Weekend_Slot_3,18:00-18:50,Revision,SRS Review: Medieval History (Mughals/Decline),Revise,Flashcards created Jan 1/Jan 2
2026-01-04,Sunday,Weekend_Slot_4,21:00-22:00,Planning,Plan Week 6: Prepare for Heavy Geography Concepts,Admin,Planner
2026-01-05,Monday,Morning,04:00-04:50,Geography,Class 11 Physical (Fundamentals): Ch 1 - Geography as a Discipline,Read,NCERT Class 11 Physical
2026-01-05,Monday,Morning,04:50-05:00,Break,Hydrate,Break,N/A
2026-01-05,Monday,Morning,05:00-05:50,Geography,Class 11 Physical: Ch 2 - Origin and Evolution of the Earth,Read,NCERT Class 11 Physical
2026-01-05,Monday,Morning,05:50-06:00,Break,Walk,Break,N/A
2026-01-05,Monday,Morning,06:00-06:50,Geography,Class 11 Physical: Ch 3 - Interior of the Earth (Seismic Waves/Layers),Read,NCERT Class 11 Physical
2026-01-05,Monday,Evening,20:00-20:50,Current Affairs,Daily News Analysis: Editorial + Notes,Read,The Hindu
2026-01-05,Monday,Evening,20:50-21:00,Break,Eye Rest,Break,N/A
2026-01-05,Monday,Evening,21:00-21:50,Revision,SRS Review: Medieval History (Culture/Decline 7 days ago),Revise,Flashcards created Jan 2
2026-01-05,Monday,Evening,21:50-22:00,Break,Stretch,Break,N/A
2026-01-05,Monday,Evening,22:00-22:50,Buffer,Buffer Slot,Buffer,N/A
2026-01-06,Tuesday,Morning,04:00-04:50,Geography,Class 11 Physical: Ch 4 - Distribution of Oceans & Continents (Drift Theory),Read,NCERT Class 11 Physical
2026-01-06,Tuesday,Morning,04:50-05:00,Break,Hydrate,Break,N/A
2026-01-06,Tuesday,Morning,05:00-05:50,Geography,Class 11 Physical: Ch 4 - Plate Tectonics (Boundaries),Read,NCERT Class 11 Physical
2026-01-06,Tuesday,Morning,05:50-06:00,Break,Walk,Break,N/A
2026-01-06,Tuesday,Morning,06:00-06:50,Geography,Class 11 Physical: Ch 5 - Minerals and Rocks (Rock Cycle),Read,NCERT Class 11 Physical
2026-01-06,Tuesday,Evening,20:00-20:50,Current Affairs,Daily News Analysis: Editorial + Notes,Read,The Hindu
2026-01-06,Tuesday,Evening,20:50-21:00,Break,Eye Rest,Break,N/A
2026-01-06,Tuesday,Evening,21:00-21:50,Revision,SRS Review: Art & Culture Ch 1-5 (Studied 7 days ago),Revise,Flashcards created Jan 3
2026-01-06,Tuesday,Evening,21:50-22:00,Break,Stretch,Break,N/A
2026-01-06,Tuesday,Evening,22:00-22:50,Revision,Review Diagram: Plate Tectonics Boundaries,Revise,Atlas/Google
2026-01-07,Wednesday,Morning,04:00-04:50,Geography,Class 11 Physical: Ch 6 - Geomorphic Processes (Endogenic/Exogenic),Read,NCERT Class 11 Physical
2026-01-07,Wednesday,Morning,04:50-05:00,Break,Hydrate,Break,N/A
2026-01-07,Wednesday,Morning,05:00-05:50,Geography,Class 11 Physical: Ch 6 - Weathering & Mass Movement,Read,NCERT Class 11 Physical
2026-01-07,Wednesday,Morning,05:50-06:00,Break,Walk,Break,N/A
2026-01-07,Wednesday,Morning,06:00-06:50,Geography,Class 11 Physical: Ch 6 - Soil Formation,Read,NCERT Class 11 Physical
2026-01-07,Wednesday,Evening,20:00-20:50,Current Affairs,Daily News Analysis: Editorial + Notes,Read,The Hindu
2026-01-07,Wednesday,Evening,20:50-21:00,Break,Eye Rest,Break,N/A
2026-01-07,Wednesday,Evening,21:00-21:50,Revision,SRS Review: Art & Culture Ch 6-8 (Studied 7 days ago),Revise,Flashcards created Jan 4
2026-01-07,Wednesday,Evening,21:50-22:00,Break,Stretch,Break,N/A
2026-01-07,Wednesday,Evening,22:00-22:50,Flashcards,Task: CREATE Flashcards for Physical Geo Ch 1-6 (Geomorphology),Flashcard Creation,Anki / Paper
2026-01-08,Thursday,Morning,04:00-04:50,Geography,Class 11 Physical: Ch 7 - Landforms and their Evolution (Running Water/Groundwater),Read,NCERT Class 11 Physical
2026-01-08,Thursday,Morning,04:50-05:00,Break,Hydrate,Break,N/A
2026-01-08,Thursday,Morning,05:00-05:50,Geography,Class 11 Physical: Ch 7 - Landforms (Glaciers/Waves/Currents),Read,NCERT Class 11 Physical
2026-01-08,Thursday,Morning,05:50-06:00,Break,Walk,Break,N/A
2026-01-08,Thursday,Morning,06:00-06:50,Geography,Class 11 Physical: Ch 7 - Landforms (Winds),Read,NCERT Class 11 Physical
2026-01-08,Thursday,Evening,20:00-20:50,Current Affairs,Daily News Analysis: Editorial + Notes,Read,The Hindu
2026-01-08,Thursday,Evening,20:50-21:00,Break,Eye Rest,Break,N/A
2026-01-08,Thursday,Evening,21:00-21:50,Revision,Review Flashcards: Physical Geo Ch 1-6 (New Cards),Flashcard Review,Anki Deck
2026-01-08,Thursday,Evening,21:50-22:00,Break,Stretch,Break,N/A
2026-01-09,Friday,Morning,04:00-04:50,Geography,Class 11 Physical: Ch 8 - Composition & Structure of Atmosphere,Read,NCERT Class 11 Physical
2026-01-09,Friday,Morning,04:50-05:00,Break,Hydrate,Break,N/A
2026-01-09,Friday,Morning,05:00-05:50,Geography,Class 11 Physical: Ch 9 - Solar Radiation & Heat Balance (Insolation),Read,NCERT Class 11 Physical
2026-01-09,Friday,Morning,05:50-06:00,Break,Walk,Break,N/A
2026-01-09,Friday,Morning,06:00-06:50,Geography,Class 11 Physical: Ch 10 - Atmospheric Circulation (Pressure Belts/Winds),Read,NCERT Class 11 Physical
2026-01-09,Friday,Evening,20:00-20:50,Current Affairs,Daily News Analysis: Editorial + Notes,Read,The Hindu
2026-01-09,Friday,Evening,20:50-21:00,Break,Eye Rest,Break,N/A
2026-01-09,Friday,Evening,21:00-21:50,Revision,SRS Review: Medieval History Ch 17-19 (Studied 7 Days Ago),Revise,Flashcards created Jan 2
2026-01-09,Friday,Evening,21:50-22:00,Break,Stretch,Break,N/A
2026-01-09,Friday,Evening,22:00-22:50,Revision,Concept Check: Draw Pressure Belts & Wind Systems,Practice,Whiteboard/Paper
2026-01-10,Saturday,Weekend_Slot_1,09:00-09:50,Geography,Class 11 Physical: Ch 10 - General Circulation (Cyclones/Anticyclones),Read,NCERT Class 11 Physical
2026-01-10,Saturday,Weekend_Slot_1,09:50-10:00,Break,Hydrate,Break,N/A
2026-01-10,Saturday,Weekend_Slot_1,10:00-10:50,Geography,Class 11 Physical: Ch 11 - Water in the Atmosphere (Clouds/Precipitation),Read,NCERT Class 11 Physical
2026-01-10,Saturday,Weekend_Slot_1,10:50-11:00,Break,Walk,Break,N/A
2026-01-10,Saturday,Weekend_Slot_1,11:00-11:50,Geography,Class 11 Physical: Ch 12 - World Climate (Koppen's Classification - Tough Topic),Read,NCERT Class 11 Physical
2026-01-10,Saturday,Weekend_Slot_2,13:00-13:50,Geography,Class 11 Physical: Ch 13 - Water (Oceans) (Relief/Salinity),Read,NCERT Class 11 Physical
2026-01-10,Saturday,Weekend_Slot_2,13:50-14:00,Break,Rest,Break,N/A
2026-01-10,Saturday,Weekend_Slot_2,14:00-14:50,Geography,Class 11 Physical: Ch 14 - Movements of Ocean Water (Waves/Tides/Currents),Read,NCERT Class 11 Physical
2026-01-10,Saturday,Weekend_Slot_2,14:50-15:00,Break,Rest,Break,N/A
2026-01-10,Saturday,Weekend_Slot_2,15:00-16:00,Flashcards,Task: CREATE Flashcards for Climatology & Oceanography,Flashcard Creation,Anki / Paper
2026-01-10,Saturday,Weekend_Slot_3,17:00-17:50,CSAT,Quant: Time Speed Distance (Basics),Practice,RS Aggarwal
2026-01-10,Saturday,Weekend_Slot_3,17:50-18:00,Break,Eye Rest,Break,N/A
2026-01-10,Saturday,Weekend_Slot_3,18:00-18:50,CSAT,Quant: Time Speed Distance (Trains/Boats),Practice,RS Aggarwal
2026-01-10,Saturday,Weekend_Slot_3,18:50-19:00,Break,Snack,Break,N/A
2026-01-10,Saturday,Weekend_Slot_3,19:00-19:50,Current Affairs,Weekly Compilation: Pages 61-70 (Social Issues),Read,Monthly Magazine
2026-01-10,Saturday,Weekend_Slot_4,21:00-22:00,Revision,SRS Review: Art & Culture Ch 1-5 (Studied Jan 3),Revise,Flashcards created Jan 3
2026-01-11,Sunday,Weekend_Slot_1,09:00-09:50,Mock Test,TEST 5: Physical Geography (Geomorphology + Climatology + Oceanography),Mock Test,Sectional Test Series
2026-01-11,Sunday,Weekend_Slot_1,09:50-10:00,Break,Hydrate,Break,N/A
2026-01-11,Sunday,Weekend_Slot_1,10:00-10:50,Mock Test,TEST 5: Continue/Finish,Mock Test,Sectional Test Series
2026-01-11,Sunday,Weekend_Slot_1,10:50-11:00,Break,Walk,Break,N/A
2026-01-11,Sunday,Weekend_Slot_1,11:00-12:00,Analysis,Review Answers: Focus on Conceptual Errors (e.g. Coriolis Force direction),Analysis,Self-Analysis Journal
2026-01-11,Sunday,Weekend_Slot_2,13:00-13:50,Geography,Class 11 Physical: Ch 15 - Life on the Earth (Biosphere),Read,NCERT Class 11 Physical
2026-01-11,Sunday,Weekend_Slot_2,13:50-14:00,Break,Rest,Break,N/A
2026-01-11,Sunday,Weekend_Slot_2,14:00-14:50,Geography,Class 11 Physical: Ch 16 - Biodiversity and Conservation,Read,NCERT Class 11 Physical
2026-01-11,Sunday,Weekend_Slot_2,14:50-15:00,Break,Rest,Break,N/A
2026-01-11,Sunday,Weekend_Slot_2,15:00-16:00,Flashcards,Task: CREATE Flashcards for Biogeography (Ch 15-16) & Review Full Book,Flashcard Creation,Anki / Paper
2026-01-11,Sunday,Weekend_Slot_3,17:00-17:50,Revision,30-DAY REVIEW: Polity Class 11 Const (Recall Articles 1-51A),Revise,Flashcards created Dec 12
2026-01-11,Sunday,Weekend_Slot_3,17:50-18:00,Break,Eye Rest,Break,N/A
2026-01-11,Sunday,Weekend_Slot_3,18:00-18:50,Revision,30-DAY REVIEW: Polity Class 11 Theory (Recall Concepts),Revise,Flashcards created Dec 14
2026-01-11,Sunday,Weekend_Slot_4,21:00-22:00,Planning,Plan Week 7: Transition to Indian Geography,Admin,Planner
2026-01-12,Monday,Morning,04:00-04:50,Geography,Class 11 India (Phy Env): Ch 1 - India: Location,Read,NCERT Class 11 India
2026-01-12,Monday,Morning,04:50-05:00,Break,Hydrate,Break,N/A
2026-01-12,Monday,Morning,05:00-05:50,Geography,Class 11 India: Ch 2 - Structure and Physiography (Himalayas),Read,NCERT Class 11 India
2026-01-12,Monday,Morning,05:50-06:00,Break,Walk,Break,N/A
2026-01-12,Monday,Morning,06:00-06:50,Geography,Class 11 India: Ch 2 - Structure and Physiography (Northern Plains),Read,NCERT Class 11 India
2026-01-12,Monday,Evening,20:00-20:50,Current Affairs,Daily News Analysis: Editorial + Notes,Read,The Hindu
2026-01-12,Monday,Evening,20:50-21:00,Break,Eye Rest,Break,N/A
2026-01-12,Monday,Evening,21:00-21:50,Revision,SRS Review: Physical Geography Ch 1-7 (Geomorphology),Revise,Flashcards created Jan 7
2026-01-12,Monday,Evening,21:50-22:00,Break,Stretch,Break,N/A
2026-01-12,Monday,Evening,22:00-22:50,Buffer,Buffer Slot,Buffer,N/A
2026-01-13,Tuesday,Morning,04:00-04:50,Geography,Class 11 India: Ch 2 - Structure and Physiography (Peninsular Plateau),Read,NCERT Class 11 India
2026-01-13,Tuesday,Morning,04:50-05:00,Break,Hydrate,Break,N/A
2026-01-13,Tuesday,Morning,05:00-05:50,Geography,Class 11 India: Ch 2 - Structure and Physiography (Coastal Plains/Islands),Read,NCERT Class 11 India
2026-01-13,Tuesday,Morning,05:50-06:00,Break,Walk,Break,N/A
2026-01-13,Tuesday,Morning,06:00-06:50,Geography,Class 11 India: Ch 3 - Drainage System (Himalayan Rivers),Read,NCERT Class 11 India
2026-01-13,Tuesday,Evening,20:00-20:50,Current Affairs,Daily News Analysis: Editorial + Notes,Read,The Hindu
2026-01-13,Tuesday,Evening,20:50-21:00,Break,Eye Rest,Break,N/A
2026-01-13,Tuesday,Evening,21:00-21:50,Revision,SRS Review: Art & Culture Ch 6-8 (Temple Arch),Revise,Flashcards created Jan 4
2026-01-13,Tuesday,Evening,21:50-22:00,Break,Stretch,Break,N/A
2026-01-13,Tuesday,Evening,22:00-22:50,Flashcards,Task: CREATE Flashcards for India Ch 1-2 (Physiography),Flashcard Creation,Anki / Paper
2026-01-14,Wednesday,Morning,04:00-04:50,Geography,Class 11 India: Ch 3 - Drainage System (Peninsular Rivers),Read,NCERT Class 11 India
2026-01-14,Wednesday,Morning,04:50-05:00,Break,Hydrate,Break,N/A
2026-01-14,Wednesday,Morning,05:00-05:50,Geography,Class 11 India: Ch 3 - Drainage (Lakes/Role in Economy),Read,NCERT Class 11 India
2026-01-14,Wednesday,Morning,05:50-06:00,Break,Walk,Break,N/A
2026-01-14,Wednesday,Morning,06:00-06:50,Geography,Class 11 India: Ch 4 - Climate (Monsoon Mechanism - INTENSE),Read,NCERT Class 11 India
2026-01-14,Wednesday,Evening,20:00-20:50,Current Affairs,Daily News Analysis: Editorial + Notes,Read,The Hindu
2026-01-14,Wednesday,Evening,20:50-21:00,Break,Eye Rest,Break,N/A
2026-01-14,Wednesday,Evening,21:00-21:50,Revision,SRS Review: Physical Geography (Climatology),Revise,Flashcards created Jan 10
2026-01-14,Wednesday,Evening,21:50-22:00,Break,Stretch,Break,N/A
2026-01-14,Wednesday,Evening,22:00-22:50,Revision,Map Work: Draw major rivers and tributaries of India,Practice,Atlas/Blank Map
2026-01-15,Thursday,Morning,04:00-04:50,Geography,Class 11 India: Ch 4 - Climate (Seasons: Winter/Summer),Read,NCERT Class 11 India
2026-01-15,Thursday,Morning,04:50-05:00,Break,Hydrate,Break,N/A
2026-01-15,Thursday,Morning,05:00-05:50,Geography,Class 11 India: Ch 4 - Climate (Rainfall Distribution/Variability),Read,NCERT Class 11 India
2026-01-15,Thursday,Morning,05:50-06:00,Break,Walk,Break,N/A
2026-01-15,Thursday,Morning,06:00-06:50,Geography,Class 11 India: Ch 5 - Natural Vegetation (Forest Types),Read,NCERT Class 11 India
2026-01-15,Thursday,Evening,20:00-20:50,Current Affairs,Daily News Analysis: Editorial + Notes,Read,The Hindu
2026-01-15,Thursday,Evening,20:50-21:00,Break,Eye Rest,Break,N/A
2026-01-15,Thursday,Evening,21:00-21:50,Revision,SRS Review: Physical Geography (Oceanography),Revise,Flashcards created Jan 10
2026-01-15,Thursday,Evening,21:50-22:00,Break,Stretch,Break,N/A
2026-01-15,Thursday,Evening,22:00-22:50,Flashcards,Task: CREATE Flashcards for India Ch 3-4 (Drainage/Climate),Flashcard Creation,Anki / Paper
2026-01-16,Friday,Morning,04:00-04:50,Geography,Class 11 India: Ch 6 - Soils (Classification/Degradation),Read,NCERT Class 11 India
2026-01-16,Friday,Morning,04:50-05:00,Break,Hydrate,Break,N/A
2026-01-16,Friday,Morning,05:00-05:50,Geography,Class 11 India: Ch 7 - Natural Hazards and Disasters (Floods/Droughts),Read,NCERT Class 11 India
2026-01-16,Friday,Morning,05:50-06:00,Break,Walk,Break,N/A
2026-01-16,Friday,Morning,06:00-06:50,Geography,Class 11 India: Ch 7 - Natural Hazards (Earthquakes/Tsunami/Cyclones),Read,NCERT Class 11 India
2026-01-16,Friday,Evening,20:00-20:50,Current Affairs,Daily News Analysis: Editorial + Notes,Read,The Hindu
2026-01-16,Friday,Evening,20:50-21:00,Break,Eye Rest,Break,N/A
2026-01-16,Friday,Evening,21:00-21:50,Flashcards,Task: CREATE Flashcards for India Ch 5-7 (Veg/Soil/Hazards),Flashcard Creation,Anki / Paper
2026-01-16,Friday,Evening,21:50-22:00,Break,Stretch,Break,N/A
2026-01-16,Friday,Evening,22:00-22:50,Revision,SRS Review: Physical Geo (Biogeography Ch 15-16 studied Jan 11),Revise,Flashcards created Jan 11
2026-01-17,Saturday,Weekend_Slot_1,09:00-09:50,Economy,NCERT Class 11 (Indian Eco Dev): Ch 1 - Indian Economy on Eve of Independence,Read,NCERT Class 11 Eco
2026-01-17,Saturday,Weekend_Slot_1,09:50-10:00,Break,Hydrate,Break,N/A
2026-01-17,Saturday,Weekend_Slot_1,10:00-10:50,Economy,NCERT Class 11 (Indian Eco Dev): Ch 2 - Indian Economy (1950-1990) Five Year Plans,Read,NCERT Class 11 Eco
2026-01-17,Saturday,Weekend_Slot_1,10:50-11:00,Break,Walk,Break,N/A
2026-01-17,Saturday,Weekend_Slot_1,11:00-11:50,Economy,NCERT Class 11 (Indian Eco Dev): Ch 3 - Liberalisation Privatisation Globalisation (LPG),Read,NCERT Class 11 Eco
2026-01-17,Saturday,Weekend_Slot_2,13:00-13:50,Economy,NCERT Class 11 (Indian Eco Dev): Ch 4 - Poverty (Causes/Alleviation Programs),Read,NCERT Class 11 Eco
2026-01-17,Saturday,Weekend_Slot_2,13:50-14:00,Break,Rest,Break,N/A
2026-01-17,Saturday,Weekend_Slot_2,14:00-14:50,Economy,NCERT Class 11 (Indian Eco Dev): Ch 5 - Human Capital Formation,Read,NCERT Class 11 Eco
2026-01-17,Saturday,Weekend_Slot_2,14:50-15:00,Break,Rest,Break,N/A
2026-01-17,Saturday,Weekend_Slot_2,15:00-16:00,Flashcards,Task: CREATE Flashcards for Economy Class 11 Ch 1-5,Flashcard Creation,Anki / Paper
2026-01-17,Saturday,Weekend_Slot_3,17:00-17:50,CSAT,Quant: Simple Interest & Compound Interest (Basics),Practice,RS Aggarwal
2026-01-17,Saturday,Weekend_Slot_3,17:50-18:00,Break,Eye Rest,Break,N/A
2026-01-17,Saturday,Weekend_Slot_3,18:00-18:50,CSAT,Quant: SI & CI (Application Problems),Practice,RS Aggarwal
2026-01-17,Saturday,Weekend_Slot_3,18:50-19:00,Break,Snack,Break,N/A
2026-01-17,Saturday,Weekend_Slot_3,19:00-19:50,Current Affairs,Weekly Compilation: Pages 71-80 (Culture/Misc),Read,Monthly Magazine
2026-01-17,Saturday,Weekend_Slot_4,21:00-22:00,Revision,SRS Review: Indian Geography Ch 1-2 (Physiography studied Jan 12/13),Revise,Flashcards created Jan 13
2026-01-18,Sunday,Weekend_Slot_1,09:00-09:50,Mock Test,TEST 6: Indian Geography (Physical Environment - Full Book),Mock Test,Sectional Test Series
2026-01-18,Sunday,Weekend_Slot_1,09:50-10:00,Break,Hydrate,Break,N/A
2026-01-18,Sunday,Weekend_Slot_1,10:00-10:50,Mock Test,TEST 6: Continue/Finish,Mock Test,Sectional Test Series
2026-01-18,Sunday,Weekend_Slot_1,10:50-11:00,Break,Walk,Break,N/A
2026-01-18,Sunday,Weekend_Slot_1,11:00-12:00,Analysis,Review Answers: Check Map based questions accuracy,Analysis,Self-Analysis Journal
2026-01-18,Sunday,Weekend_Slot_2,13:00-13:50,Economy,NCERT Class 11 (Indian Eco Dev): Ch 6 - Rural Development (Credit/Marketing),Read,NCERT Class 11 Eco
2026-01-18,Sunday,Weekend_Slot_2,13:50-14:00,Break,Rest,Break,N/A
2026-01-18,Sunday,Weekend_Slot_2,14:00-14:50,Economy,NCERT Class 11 (Indian Eco Dev): Ch 7 - Employment: Growth Informalisation,Read,NCERT Class 11 Eco
2026-01-18,Sunday,Weekend_Slot_2,14:50-15:00,Break,Rest,Break,N/A
2026-01-18,Sunday,Weekend_Slot_2,15:00-16:00,Revision,SRS Review: Indian Geography Ch 3-4 (Drainage/Climate studied Jan 14/15),Revise,Flashcards created Jan 15
2026-01-18,Sunday,Weekend_Slot_3,17:00-17:50,Revision,30-DAY REVIEW: Geography Class 10 (Resources/Agri/Industries),Revise,Flashcards created Dec 19
2026-01-18,Sunday,Weekend_Slot_3,17:50-18:00,Break,Eye Rest,Break,N/A
2026-01-18,Sunday,Weekend_Slot_3,18:00-18:50,Revision,30-DAY REVIEW: Economy Class 10 (Sectors/Money),Revise,Flashcards created Dec 20
2026-01-18,Sunday,Weekend_Slot_4,21:00-22:00,Planning,Plan Week 8: Intro to Human Geography & Macroeconomics,Admin,Planner
2026-01-19,Monday,Morning,04:00-04:50,Economy,NCERT Class 11 (Indian Eco Dev): Ch 8 - Infrastructure (Energy/Health),Read,NCERT Class 11 Eco
2026-01-19,Monday,Morning,04:50-05:00,Break,Hydrate,Break,N/A
2026-01-19,Monday,Morning,05:00-05:50,Economy,NCERT Class 11 (Indian Eco Dev): Ch 9 - Environment and Sustainable Development,Read,NCERT Class 11 Eco
2026-01-19,Monday,Morning,05:50-06:00,Break,Walk,Break,N/A
2026-01-19,Monday,Morning,06:00-06:50,Economy,NCERT Class 11 (Indian Eco Dev): Ch 10 - Comparative Development Experiences (Ind/Pak/China),Read,NCERT Class 11 Eco
2026-01-19,Monday,Evening,20:00-20:50,Current Affairs,Daily News Analysis: Editorial + Notes,Read,The Hindu
2026-01-19,Monday,Evening,20:50-21:00,Break,Eye Rest,Break,N/A
2026-01-19,Monday,Evening,21:00-21:50,Flashcards,Task: CREATE Flashcards for Economy Class 11 Ch 6-10 (Finish Book),Flashcard Creation,Anki / Paper
2026-01-19,Monday,Evening,21:50-22:00,Break,Stretch,Break,N/A
2026-01-19,Monday,Evening,22:00-22:50,Flashcards,Review: Flashcards Economy Class 11 (All Cards),Flashcard Review,Anki Deck
2026-01-20,Tuesday,Morning,04:00-04:50,Geography,NCERT Class 12 (Fundamentals of Human Geo): Ch 1 - Human Geography Nature & Scope,Read,NCERT Class 12 Human Geo
2026-01-20,Tuesday,Morning,04:50-05:00,Break,Hydrate,Break,N/A
2026-01-20,Tuesday,Morning,05:00-05:50,Geography,NCERT Class 12 (Human Geo): Ch 2 - The World Population (Distribution/Density/Growth),Read,NCERT Class 12 Human Geo
2026-01-20,Tuesday,Morning,05:50-06:00,Break,Walk,Break,N/A
2026-01-20,Tuesday,Morning,06:00-06:50,Geography,NCERT Class 12 (Human Geo): Ch 3 - Human Development,Read,NCERT Class 12 Human Geo
2026-01-20,Tuesday,Evening,20:00-20:50,Current Affairs,Daily News Analysis: Editorial + Notes,Read,The Hindu
2026-01-20,Tuesday,Evening,20:50-21:00,Break,Eye Rest,Break,N/A
2026-01-20,Tuesday,Evening,21:00-21:50,Revision,SRS Review: Indian Geography Ch 5-7 (Studied Jan 16),Revise,Flashcards created Jan 16
2026-01-20,Tuesday,Evening,21:50-22:00,Break,Stretch,Break,N/A
2026-01-20,Tuesday,Evening,22:00-22:50,Buffer,Buffer Slot,Buffer,N/A
2026-01-21,Wednesday,Morning,04:00-04:50,Geography,NCERT Class 12 (Human Geo): Ch 4 - Primary Activities (Agriculture/Mining),Read,NCERT Class 12 Human Geo
2026-01-21,Wednesday,Morning,04:50-05:00,Break,Hydrate,Break,N/A
2026-01-21,Wednesday,Morning,05:00-05:50,Geography,NCERT Class 12 (Human Geo): Ch 5 - Secondary Activities (Manufacturing),Read,NCERT Class 12 Human Geo
2026-01-21,Wednesday,Morning,05:50-06:00,Break,Walk,Break,N/A
2026-01-21,Wednesday,Morning,06:00-06:50,Geography,NCERT Class 12 (Human Geo): Ch 6 - Tertiary and Quaternary Activities,Read,NCERT Class 12 Human Geo
2026-01-21,Wednesday,Evening,20:00-20:50,Current Affairs,Daily News Analysis: Editorial + Notes,Read,The Hindu
2026-01-21,Wednesday,Evening,20:50-21:00,Break,Eye Rest,Break,N/A
2026-01-21,Wednesday,Evening,21:00-21:50,Flashcards,Task: CREATE Flashcards for Human Geo Ch 1-6,Flashcard Creation,Anki / Paper
2026-01-21,Wednesday,Evening,21:50-22:00,Break,Stretch,Break,N/A
2026-01-21,Wednesday,Evening,22:00-22:50,Revision,SRS Review: Economy Class 11 Ch 1-5 (Studied Jan 17),Revise,Flashcards created Jan 17
2026-01-22,Thursday,Morning,04:00-04:50,Geography,NCERT Class 12 (Human Geo): Ch 7 - Transport and Communication,Read,NCERT Class 12 Human Geo
2026-01-22,Thursday,Morning,04:50-05:00,Break,Hydrate,Break,N/A
2026-01-22,Thursday,Morning,05:00-05:50,Geography,NCERT Class 12 (Human Geo): Ch 8 - International Trade,Read,NCERT Class 12 Human Geo
2026-01-22,Thursday,Morning,05:50-06:00,Break,Walk,Break,N/A
2026-01-22,Thursday,Morning,06:00-06:50,Geography,NCERT Class 12 (Human Geo): Ch 9 - Human Settlements (Rural/Urban),Read,NCERT Class 12 Human Geo
2026-01-22,Thursday,Evening,20:00-20:50,Current Affairs,Daily News Analysis: Editorial + Notes,Read,The Hindu
2026-01-22,Thursday,Evening,20:50-21:00,Break,Eye Rest,Break,N/A
2026-01-22,Thursday,Evening,21:00-21:50,Flashcards,Task: CREATE Flashcards for Human Geo Ch 7-9 (Finish Book),Flashcard Creation,Anki / Paper
2026-01-22,Thursday,Evening,21:50-22:00,Break,Stretch,Break,N/A
2026-01-22,Thursday,Evening,22:00-22:50,Revision,SRS Review: Economy Class 11 Ch 6-10 (Studied Jan 19),Revise,Flashcards created Jan 19
2026-01-23,Friday,Morning,04:00-04:50,Geography,NCERT Class 12 (India People & Eco): Ch 1 - Population (Distribution/Density),Read,NCERT Class 12 India People
2026-01-23,Friday,Morning,04:50-05:00,Break,Hydrate,Break,N/A
2026-01-23,Friday,Morning,05:00-05:50,Geography,NCERT Class 12 (India People): Ch 2 - Migration (Types/Causes),Read,NCERT Class 12 India People
2026-01-23,Friday,Morning,05:50-06:00,Break,Walk,Break,N/A
2026-01-23,Friday,Morning,06:00-06:50,Geography,NCERT Class 12 (India People): Ch 3 - Human Development (India Context),Read,NCERT Class 12 India People
2026-01-23,Friday,Evening,20:00-20:50,Current Affairs,Daily News Analysis: Editorial + Notes,Read,The Hindu
2026-01-23,Friday,Evening,20:50-21:00,Break,Eye Rest,Break,N/A
2026-01-23,Friday,Evening,21:00-21:50,Geography,NCERT Class 12 (India People): Ch 4 - Human Settlements,Read,NCERT Class 12 India People
2026-01-23,Friday,Evening,21:50-22:00,Break,Stretch,Break,N/A
2026-01-23,Friday,Evening,22:00-22:50,Revision,SRS Review: Indian Geography Ch 5-7 (Soils/Disasters),Revise,Flashcards created Jan 16
2026-01-24,Saturday,Weekend_Slot_1,09:00-09:50,Geography,NCERT Class 12 (India People): Ch 5 - Land Resources and Agriculture,Read,NCERT Class 12 India People
2026-01-24,Saturday,Weekend_Slot_1,09:50-10:00,Break,Hydrate,Break,N/A
2026-01-24,Saturday,Weekend_Slot_1,10:00-10:50,Geography,NCERT Class 12 (India People): Ch 6 - Water Resources (Irrigation/Scarcity),Read,NCERT Class 12 India People
2026-01-24,Saturday,Weekend_Slot_1,10:50-11:00,Break,Walk,Break,N/A
2026-01-24,Saturday,Weekend_Slot_1,11:00-11:50,Geography,NCERT Class 12 (India People): Ch 7 - Mineral and Energy Resources,Read,NCERT Class 12 India People
2026-01-24,Saturday,Weekend_Slot_2,13:00-13:50,Geography,NCERT Class 12 (India People): Ch 8 - Manufacturing Industries,Read,NCERT Class 12 India People
2026-01-24,Saturday,Weekend_Slot_2,13:50-14:00,Break,Rest,Break,N/A
2026-01-24,Saturday,Weekend_Slot_2,14:00-14:50,Geography,NCERT Class 12 (India People): Ch 9 - Planning and Sustainable Development,Read,NCERT Class 12 India People
2026-01-24,Saturday,Weekend_Slot_2,14:50-15:00,Break,Rest,Break,N/A
2026-01-24,Saturday,Weekend_Slot_2,15:00-16:00,Flashcards,Task: CREATE Flashcards for India People & Economy (Ch 1-9),Flashcard Creation,Anki / Paper
2026-01-24,Saturday,Weekend_Slot_3,17:00-17:50,Geography,NCERT Class 12 (India People): Ch 10 - Transport and Communication,Read,NCERT Class 12 India People
2026-01-24,Saturday,Weekend_Slot_3,17:50-18:00,Break,Eye Rest,Break,N/A
2026-01-24,Saturday,Weekend_Slot_3,18:00-18:50,Geography,NCERT Class 12 (India People): Ch 11 - International Trade & Ch 12 - Pollution,Read,NCERT Class 12 India People
2026-01-24,Saturday,Weekend_Slot_3,18:50-19:00,Break,Snack,Break,N/A
2026-01-24,Saturday,Weekend_Slot_3,19:00-19:50,Current Affairs,Weekly Compilation: Pages 81-90 (Ethics/Schemes),Read,Monthly Magazine
2026-01-24,Saturday,Weekend_Slot_4,21:00-22:00,Revision,SRS Review: Economy Class 11 Ch 1-5 (Studied 7 Days Ago),Revise,Flashcards created Jan 17
2026-01-25,Sunday,Weekend_Slot_1,09:00-09:50,Mock Test,TEST 7: Human Geography (Class 12 Fundamentals + India People),Mock Test,Sectional Test Series
2026-01-25,Sunday,Weekend_Slot_1,09:50-10:00,Break,Hydrate,Break,N/A
2026-01-25,Sunday,Weekend_Slot_1,10:00-10:50,Mock Test,TEST 7: Continue/Finish,Mock Test,Sectional Test Series
2026-01-25,Sunday,Weekend_Slot_1,10:50-11:00,Break,Walk,Break,N/A
2026-01-25,Sunday,Weekend_Slot_1,11:00-12:00,Analysis,Review Answers: Focus on Census data and Transport corridors,Analysis,Self-Analysis Journal
2026-01-25,Sunday,Weekend_Slot_2,13:00-13:50,Economy,NCERT Class 12 (Macroeconomics): Ch 1 - Introduction to Macroeconomics,Read,NCERT Macroeconomics
2026-01-25,Sunday,Weekend_Slot_2,13:50-14:00,Break,Rest,Break,N/A
2026-01-25,Sunday,Weekend_Slot_2,14:00-14:50,Economy,NCERT Class 12 (Macro): Ch 2 - National Income Accounting (GDP/GNP/NNP),Read,NCERT Macroeconomics
2026-01-25,Sunday,Weekend_Slot_2,14:50-15:00,Break,Rest,Break,N/A
2026-01-25,Sunday,Weekend_Slot_2,15:00-16:00,Economy,NCERT Class 12 (Macro): Ch 2 - Methods of Calculating National Income,Read,NCERT Macroeconomics
2026-01-25,Sunday,Weekend_Slot_3,17:00-17:50,CSAT,Reasoning: Seating Arrangement (Linear/Circular),Practice,RS Aggarwal
2026-01-25,Sunday,Weekend_Slot_3,17:50-18:00,Break,Eye Rest,Break,N/A
2026-01-25,Sunday,Weekend_Slot_3,18:00-18:50,Revision,SRS Review: Economy Class 11 Ch 6-10 (Studied Jan 19),Revise,Flashcards created Jan 19
2026-01-25,Sunday,Weekend_Slot_4,21:00-22:00,Planning,Plan Week 9: Mastering Macroeconomics (Conceptual Heavy),Admin,Planner
2026-01-26,Monday,Morning,04:00-04:50,Economy,NCERT Class 12 (Macro): Ch 3 - Money and Banking (Functions of Money),Read,NCERT Macroeconomics
2026-01-26,Monday,Morning,04:50-05:00,Break,Hydrate,Break,N/A
2026-01-26,Monday,Morning,05:00-05:50,Economy,NCERT Class 12 (Macro): Ch 3 - Banking (RBI/Monetary Policy Tools - CRR/SLR/Repo),Read,NCERT Macroeconomics
2026-01-26,Monday,Morning,05:50-06:00,Break,Walk,Break,N/A
2026-01-26,Monday,Morning,06:00-06:50,Revision,Deep Dive: Draw flow chart of RBI Monetary Policy transmission,Practice,Whiteboard
2026-01-26,Monday,Evening,20:00-20:50,Current Affairs,Daily News Analysis: Editorial + Notes,Read,The Hindu
2026-01-26,Monday,Evening,20:50-21:00,Break,Eye Rest,Break,N/A
2026-01-26,Monday,Evening,21:00-21:50,Revision,SRS Review: Human Geo Ch 1-6 (Fundamentals studied Jan 20/21),Revise,Flashcards created Jan 21
2026-01-26,Monday,Evening,21:50-22:00,Break,Stretch,Break,N/A
2026-01-26,Monday,Evening,22:00-22:50,Flashcards,Task: CREATE Flashcards for Macro Eco Ch 1-3 (National Income & Banking),Flashcard Creation,Anki / Paper
2026-01-27,Tuesday,Morning,04:00-04:50,Economy,NCERT Class 12 (Macro): Ch 4 - Determination of Income and Employment (AD/AS),Read,NCERT Macroeconomics
2026-01-27,Tuesday,Morning,04:50-05:00,Break,Hydrate,Break,N/A
2026-01-27,Tuesday,Morning,05:00-05:50,Economy,NCERT Class 12 (Macro): Ch 4 - Investment Multiplier & Excess/Deficient Demand,Read,NCERT Macroeconomics
2026-01-27,Tuesday,Morning,05:50-06:00,Break,Walk,Break,N/A
2026-01-27,Tuesday,Morning,06:00-06:50,Economy,NCERT Class 12 (Macro): Ch 5 - Government Budget and the Economy (Revenue/Capital),Read,NCERT Macroeconomics
2026-01-27,Tuesday,Evening,20:00-20:50,Current Affairs,Daily News Analysis: Editorial + Notes,Read,The Hindu
2026-01-27,Tuesday,Evening,20:50-21:00,Break,Eye Rest,Break,N/A
2026-01-27,Tuesday,Evening,21:00-21:50,Revision,SRS Review: Human Geo Ch 7-9 (Studied Jan 22),Revise,Flashcards created Jan 22
2026-01-27,Tuesday,Evening,21:50-22:00,Break,Stretch,Break,N/A
2026-01-27,Tuesday,Evening,22:00-22:50,Flashcards,Task: CREATE Flashcards for Macro Eco Ch 4-5 (Budget/Multipliers),Flashcard Creation,Anki / Paper
2026-01-28,Wednesday,Morning,04:00-04:50,Economy,NCERT Class 12 (Macro): Ch 6 - Open Economy Macroeconomics (BoP Structure),Read,NCERT Macroeconomics
2026-01-28,Wednesday,Morning,04:50-05:00,Break,Hydrate,Break,N/A
2026-01-28,Wednesday,Morning,05:00-05:50,Economy,NCERT Class 12 (Macro): Ch 6 - Foreign Exchange Rates (Managed Floating),Read,NCERT Macroeconomics
2026-01-28,Wednesday,Morning,05:50-06:00,Break,Walk,Break,N/A
2026-01-28,Morning,06:00-06:50,Flashcards,Task: CREATE Flashcards for Macro Eco Ch 6 (BoP/Forex) - BOOK COMPLETE,Flashcard Creation,Anki / Paper
2026-01-28,Wednesday,Evening,20:00-20:50,Current Affairs,Daily News Analysis: Editorial + Notes,Read,The Hindu
2026-01-28,Wednesday,Evening,20:50-21:00,Break,Eye Rest,Break,N/A
2026-01-28,Wednesday,Evening,21:00-21:50,History,NCERT Class 12 (Themes in Indian History I): Themes 1-2 (Bricks/Kings),Read,NCERT Themes I
2026-01-28,Wednesday,Evening,21:50-22:00,Break,Stretch,Break,N/A
2026-01-28,Wednesday,Evening,22:00-22:50,History,NCERT Class 12 (Themes I): Themes 3-4 (Kinship/Thinkers),Read,NCERT Themes I
2026-01-29,Thursday,Morning,04:00-04:50,History,NCERT Class 12 (Themes II): Theme 5 (Travelers) & Theme 6 (Bhakti/Sufi),Read,NCERT Themes II
2026-01-29,Thursday,Morning,04:50-05:00,Break,Hydrate,Break,N/A
2026-01-29,Thursday,Morning,05:00-05:50,History,NCERT Class 12 (Themes II): Theme 7 (Vijayanagar) & Theme 8 (Peasants),Read,NCERT Themes II
2026-01-29,Thursday,Morning,05:50-06:00,Break,Walk,Break,N/A
2026-01-29,Thursday,Morning,06:00-06:50,History,NCERT Class 12 (Themes II): Theme 9 (Kings and Chronicles - Mughals),Read,NCERT Themes II
2026-01-29,Thursday,Evening,20:00-20:50,Current Affairs,Daily News Analysis: Editorial + Notes,Read,The Hindu
2026-01-29,Thursday,Evening,20:50-21:00,Break,Eye Rest,Break,N/A
2026-01-29,Thursday,Evening,21:00-21:50,Revision,SRS Review: Geo India People Ch 1-9 (Studied Jan 24),Revise,Flashcards created Jan 24
2026-01-29,Thursday,Evening,21:50-22:00,Break,Stretch,Break,N/A
2026-01-29,Thursday,Evening,22:00-22:50,Buffer,Buffer Slot,Buffer,N/A
2026-01-30,Friday,Morning,04:00-04:50,History,NCERT Class 12 (Themes III): Theme 10 (Colonialism & Countryside),Read,NCERT Themes III
2026-01-30,Friday,Morning,04:50-05:00,Break,Hydrate,Break,N/A
2026-01-30,Friday,Morning,05:00-05:50,History,NCERT Class 12 (Themes III): Theme 11 (Rebels and Raj - 1857),Read,NCERT Themes III
2026-01-30,Friday,Morning,05:50-06:00,Break,Walk,Break,N/A
2026-01-30,Friday,Morning,06:00-06:50,History,NCERT Class 12 (Themes III): Theme 12 (Colonial Cities),Read,NCERT Themes III
2026-01-30,Friday,Evening,20:00-20:50,Current Affairs,Daily News Analysis: Editorial + Notes,Read,The Hindu
2026-01-30,Friday,Evening,20:50-21:00,Break,Eye Rest,Break,N/A
2026-01-30,Friday,Evening,21:00-21:50,Flashcards,Task: CREATE Flashcards for History Themes I & II (Ancient/Medieval Recap),Flashcard Creation,Anki / Paper
2026-01-30,Friday,Evening,21:50-22:00,Break,Stretch,Break,N/A
2026-01-30,Friday,Evening,22:00-22:50,Revision,SRS Review: Macroeconomics Ch 1-3 (Studied Jan 26),Revise,Flashcards created Jan 26
2026-01-31,Saturday,Weekend_Slot_1,09:00-09:50,History,NCERT Class 12 (Themes III): Theme 13 (Mahatma Gandhi & Nationalist Movement),Read,NCERT Themes III
2026-01-31,Saturday,Weekend_Slot_1,09:50-10:00,Break,Hydrate,Break,N/A
2026-01-31,Saturday,Weekend_Slot_1,10:00-10:50,History,NCERT Class 12 (Themes III): Theme 14 (Partition) & Theme 15 (Constitution),Read,NCERT Themes III
2026-01-31,Saturday,Weekend_Slot_1,10:50-11:00,Break,Walk,Break,N/A
2026-01-31,Saturday,Weekend_Slot_1,11:00-11:50,Flashcards,Task: CREATE Flashcards for History Themes III (Modern) - BOOK COMPLETE,Flashcard Creation,Anki / Paper
2026-01-31,Saturday,Weekend_Slot_2,13:00-13:50,Environment,NCERT Class 12 Biology: Ch 13 - Organisms and Populations,Read,NCERT Biology (Unit X)
2026-01-31,Saturday,Weekend_Slot_2,13:50-14:00,Break,Rest,Break,N/A
2026-01-31,Saturday,Weekend_Slot_2,14:00-14:50,Environment,NCERT Class 12 Biology: Ch 14 - Ecosystem,Read,NCERT Biology (Unit X)
2026-01-31,Saturday,Weekend_Slot_2,14:50-15:00,Break,Rest,Break,N/A
2026-01-31,Saturday,Weekend_Slot_2,15:00-16:00,Environment,NCERT Class 12 Biology: Ch 15 (Biodiversity) & Ch 16 (Env Issues),Read,NCERT Biology (Unit X)
2026-01-31,Saturday,Weekend_Slot_3,17:00-17:50,Flashcards,Task: CREATE Flashcards for Environment (Bio Unit X),Flashcard Creation,Anki / Paper
2026-01-31,Saturday,Weekend_Slot_3,17:50-18:00,Break,Eye Rest,Break,N/A
2026-01-31,Saturday,Weekend_Slot_3,18:00-18:50,Revision,SRS Review: Macroeconomics Ch 4-6 (Studied Jan 27/28),Revise,Flashcards created Jan 27/28
2026-01-31,Saturday,Weekend_Slot_3,18:50-19:00,Break,Snack,Break,N/A
2026-01-31,Saturday,Weekend_Slot_3,19:00-19:50,Current Affairs,Weekly Compilation: Pages 91-100 (Full Month Revision),Read,Monthly Magazine
2026-01-31,Saturday,Weekend_Slot_4,21:00-22:00,PHASE_COMPLETION,MILESTONE: Phase 1 (Foundation/NCERT) COMPLETED. Check all Flashcard decks.,Admin,Self-Check
2026-02-01,Sunday,Weekend_Slot_1,09:00-09:50,Mock Test,TEST 8: FULL LENGTH NCERT MOCK (History/Geo/Polity/Eco/Sci),Mock Test,Full Length Test
2026-02-01,Sunday,Weekend_Slot_1,09:50-10:00,Break,Hydrate,Break,N/A
2026-02-01,Sunday,Weekend_Slot_1,10:00-10:50,Mock Test,TEST 8: Continued...,Mock Test,Full Length Test
2026-02-01,Sunday,Weekend_Slot_1,10:50-11:00,Break,Walk,Break,N/A
2026-02-01,Sunday,Weekend_Slot_1,11:00-12:00,Mock Test,TEST 8: Finish,Mock Test,Full Length Test
2026-02-01,Sunday,Weekend_Slot_2,13:00-14:00,Break,Lunch & Rest,Break,N/A
2026-02-01,Sunday,Weekend_Slot_2,14:00-16:00,Analysis,DEEP ANALYSIS: Identify Phase 1 Gaps before starting Phase 2,Analysis,Self-Analysis Journal
2026-02-01,Sunday,Weekend_Slot_3,17:00-18:00,Transition,Admin: Organize Standard Books (Laxmikanth first),Admin,Book Prep
2026-02-01,Sunday,Weekend_Slot_4,21:00-22:00,Planning,Plan Phase 2 Strategy: Focus on Depth over Speed,Admin,Planner
2026-02-02,Monday,Morning,04:00-04:50,Polity,M. Laxmikanth (Standard Book): Ch 1 - Historical Background (Company Rule),Read,M. Laxmikanth
2026-02-02,Monday,Morning,04:50-05:00,Break,Hydrate,Break,N/A
2026-02-02,Monday,Morning,05:00-05:50,Polity,M. Laxmikanth: Ch 1 - Historical Background (Crown Rule),Read,M. Laxmikanth
2026-02-02,Monday,Morning,05:50-06:00,Break,Walk,Break,N/A
2026-02-02,Monday,Morning,06:00-06:50,Polity,M. Laxmikanth: Ch 1 - Compare Acts (Regulating Act 1773 vs 1935 Act),Read,M. Laxmikanth
2026-02-02,Monday,Evening,20:00-20:50,Current Affairs,Daily News Analysis: Editorial + Notes,Read,The Hindu
2026-02-02,Monday,Evening,20:50-21:00,Break,Eye Rest,Break,N/A
2026-02-02,Monday,Evening,21:00-21:50,Revision,SRS Review: History Themes I & II (Studied Jan 28/29),Revise,Flashcards created Jan 30
2026-02-02,Monday,Evening,21:50-22:00,Break,Stretch,Break,N/A
2026-02-02,Monday,Evening,22:00-22:50,Flashcards,Task: CREATE Flashcards for Laxmikanth Ch 1 (Acts are confusing - make cards),Flashcard Creation,Anki / Paper
2026-02-03,Tuesday,Morning,04:00-04:50,Polity,M. Laxmikanth: Ch 2 - Making of the Constitution (Composition of Constituent Assembly),Read,M. Laxmikanth
2026-02-03,Tuesday,Morning,04:50-05:00,Break,Hydrate,Break,N/A
2026-02-03,Tuesday,Morning,05:00-05:50,Polity,M. Laxmikanth: Ch 2 - Making of the Constitution (Working/Committees),Read,M. Laxmikanth
2026-02-03,Tuesday,Morning,05:50-06:00,Break,Walk,Break,N/A
2026-02-03,Tuesday,Morning,06:00-06:50,Polity,M. Laxmikanth: Ch 2 - Enactment & Criticism,Read,M. Laxmikanth
2026-02-03,Tuesday,Evening,20:00-20:50,Current Affairs,Daily News Analysis: Editorial + Notes,Read,The Hindu
2026-02-03,Tuesday,Evening,20:50-21:00,Break,Eye Rest,Break,N/A
2026-02-03,Tuesday,Evening,21:00-21:50,Revision,SRS Review: History Themes III (Modern) (Studied Jan 30/31),Revise,Flashcards created Jan 31
2026-02-03,Tuesday,Evening,21:50-22:00,Break,Stretch,Break,N/A
2026-02-03,Tuesday,Evening,22:00-22:50,Flashcards,Task: CREATE Flashcards for Laxmikanth Ch 2,Flashcard Creation,Anki / Paper
2026-02-04,Wednesday,Morning,04:00-04:50,Polity,M. Laxmikanth: Ch 3 - Salient Features of the Constitution,Read,M. Laxmikanth
2026-02-04,Wednesday,Morning,04:50-05:00,Break,Hydrate,Break,N/A
2026-02-04,Wednesday,Morning,05:00-05:50,Polity,M. Laxmikanth: Ch 4 - Preamble of the Constitution (Keywords/Significance),Read,M. Laxmikanth
2026-02-04,Wednesday,Morning,05:50-06:00,Break,Walk,Break,N/A
2026-02-04,Wednesday,Morning,06:00-06:50,Polity,M. Laxmikanth: Ch 4 - Preamble (Amendability/Keshavananda Bharati Case),Read,M. Laxmikanth
2026-02-04,Wednesday,Evening,20:00-20:50,Current Affairs,Daily News Analysis: Editorial + Notes,Read,The Hindu
2026-02-04,Wednesday,Evening,20:50-21:00,Break,Eye Rest,Break,N/A
2026-02-04,Wednesday,Evening,21:00-21:50,Revision,SRS Review: Environment Unit X (Studied Jan 31),Revise,Flashcards created Jan 31
2026-02-04,Wednesday,Evening,21:50-22:00,Break,Stretch,Break,N/A
2026-02-04,Wednesday,Evening,22:00-22:50,Flashcards,Task: CREATE Flashcards for Laxmikanth Ch 3-4,Flashcard Creation,Anki / Paper
2026-02-05,Thursday,Morning,04:00-04:50,Polity,M. Laxmikanth: Ch 5 - Union and its Territory (Art 1-4),Read,M. Laxmikanth
2026-02-05,Thursday,Morning,04:50-05:00,Break,Hydrate,Break,N/A
2026-02-05,Thursday,Morning,05:00-05:50,Polity,M. Laxmikanth: Ch 5 - Reorganisation of States (Dhar/JVP/Fazl Ali Commissions),Read,M. Laxmikanth
2026-02-05,Thursday,Morning,05:50-06:00,Break,Walk,Break,N/A
2026-02-05,Thursday,Morning,06:00-06:50,Polity,M. Laxmikanth: Ch 5 - Evolution of States (1956 to present),Read,M. Laxmikanth
2026-02-05,Thursday,Evening,20:00-20:50,Current Affairs,Daily News Analysis: Editorial + Notes,Read,The Hindu
2026-02-05,Thursday,Evening,20:50-21:00,Break,Eye Rest,Break,N/A
2026-02-05,Thursday,Evening,21:00-21:50,Revision,Review: Flashcards Laxmikanth Ch 1-2 (Created Feb 2-3),Flashcard Review,Anki Deck
2026-02-05,Thursday,Evening,21:50-22:00,Break,Stretch,Break,N/A
2026-02-05,Thursday,Evening,22:00-22:50,Buffer,Buffer Slot,Buffer,N/A
2026-02-06,Friday,Morning,04:00-04:50,Polity,M. Laxmikanth: Ch 6 - Citizenship (Constitutional Provisions),Read,M. Laxmikanth
2026-02-06,Friday,Morning,04:50-05:00,Break,Hydrate,Break,N/A
2026-02-06,Friday,Morning,05:00-05:50,Polity,M. Laxmikanth: Ch 6 - Citizenship Act 1955 & Amendments (CAA),Read,M. Laxmikanth
2026-02-06,Friday,Morning,05:50-06:00,Break,Walk,Break,N/A
2026-02-06,Friday,Morning,06:00-06:50,Polity,M. Laxmikanth: Ch 6 - OCI/PIO Cards Comparison,Read,M. Laxmikanth
2026-02-06,Friday,Evening,20:00-20:50,Current Affairs,Daily News Analysis: Editorial + Notes,Read,The Hindu
2026-02-06,Friday,Evening,20:50-21:00,Break,Eye Rest,Break,N/A
2026-02-06,Friday,Evening,21:00-21:50,Flashcards,Task: CREATE Flashcards for Citizenship (Articles 5-11),Flashcard Creation,Anki / Paper
2026-02-06,Friday,Evening,21:50-22:00,Break,Stretch,Break,N/A
2026-02-06,Friday,Evening,22:00-22:50,Revision,SRS Review: Laxmikanth Ch 3-4 (Studied Feb 4),Revise,Flashcards created Feb 4
2026-02-07,Saturday,Weekend_Slot_1,09:00-09:50,Polity,M. Laxmikanth: Ch 7 - Fundamental Rights (Intro & Art 12-13),Read,M. Laxmikanth
2026-02-07,Saturday,Weekend_Slot_1,09:50-10:00,Break,Hydrate,Break,N/A
2026-02-07,Saturday,Weekend_Slot_1,10:00-10:50,Polity,M. Laxmikanth: Ch 7 - Right to Equality (Art 14-18),Read,M. Laxmikanth
2026-02-07,Saturday,Weekend_Slot_1,10:50-11:00,Break,Walk,Break,N/A
2026-02-07,Saturday,Weekend_Slot_1,11:00-11:50,Polity,M. Laxmikanth: Ch 7 - Right to Freedom (Art 19: Six Rights),Read,M. Laxmikanth
2026-02-07,Saturday,Weekend_Slot_2,13:00-13:50,History,Spectrum (Modern India): Ch 1 - Sources for History of Modern India,Read,Spectrum
2026-02-07,Saturday,Weekend_Slot_2,13:50-14:00,Break,Rest,Break,N/A
2026-02-07,Saturday,Weekend_Slot_2,14:00-14:50,History,Spectrum: Ch 2 - Major Approaches to History of Modern India,Read,Spectrum
2026-02-07,Saturday,Weekend_Slot_2,14:50-15:00,Break,Rest,Break,N/A
2026-02-07,Saturday,Weekend_Slot_2,15:00-16:00,History,Spectrum: Ch 3 - Advent of Europeans (Portuguese/Dutch),Read,Spectrum
2026-02-07,Saturday,Weekend_Slot_3,17:00-17:50,CSAT,Quant: Number Systems (Remainders/Unit Digits),Practice,RS Aggarwal
2026-02-07,Saturday,Weekend_Slot_3,17:50-18:00,Break,Eye Rest,Break,N/A
2026-02-07,Saturday,Weekend_Slot_3,18:00-18:50,CSAT,Quant: Number Systems (Advanced Problems),Practice,RS Aggarwal
2026-02-07,Saturday,Weekend_Slot_3,18:50-19:00,Break,Snack,Break,N/A
2026-02-07,Saturday,Weekend_Slot_3,19:00-19:50,Current Affairs,Weekly Compilation: Pages 1-10 (Feb Wk 1),Read,Monthly Magazine
2026-02-07,Saturday,Weekend_Slot_4,21:00-22:00,Revision,SRS Review: Laxmikanth Ch 5 (Union & Territory),Revise,Flashcards created Feb 5
2026-02-08,Sunday,Weekend_Slot_1,09:00-09:50,Mock Test,TEST 9: Polity Sectional (Laxmikanth Ch 1-6),Mock Test,Sectional Test Series
2026-02-08,Sunday,Weekend_Slot_1,09:50-10:00,Break,Hydrate,Break,N/A
2026-02-08,Sunday,Weekend_Slot_1,10:00-10:50,Mock Test,TEST 9: Continue/Finish,Mock Test,Sectional Test Series
2026-02-08,Sunday,Weekend_Slot_1,10:50-11:00,Break,Walk,Break,N/A
2026-02-08,Sunday,Weekend_Slot_1,11:00-12:00,Analysis,Review Answers: Focus on "Historical Background" acts details,Analysis,Self-Analysis Journal
2026-02-08,Sunday,Weekend_Slot_2,13:00-13:50,Polity,M. Laxmikanth: Ch 7 - Protection in Respect of Conviction (Art 20),Read,M. Laxmikanth
2026-02-08,Sunday,Weekend_Slot_2,13:50-14:00,Break,Rest,Break,N/A
2026-02-08,Sunday,Weekend_Slot_2,14:00-14:50,Polity,M. Laxmikanth: Ch 7 - Protection of Life (Art 21) & Education (21A),Read,M. Laxmikanth
2026-02-08,Sunday,Weekend_Slot_2,14:50-15:00,Break,Rest,Break,N/A
2026-02-08,Sunday,Weekend_Slot_2,15:00-16:00,Polity,M. Laxmikanth: Ch 7 - Protection Against Arrest (Art 22),Read,M. Laxmikanth
2026-02-08,Sunday,Weekend_Slot_3,17:00-17:50,History,Spectrum: Ch 3 - Advent of Europeans (English/French/Danes),Read,Spectrum
2026-02-08,Sunday,Weekend_Slot_3,17:50-18:00,Break,Eye Rest,Break,N/A
2026-02-08,Sunday,Weekend_Slot_3,18:00-18:50,History,Spectrum: Ch 3 - Carnatic Wars (Anglo-French Rivalry),Read,Spectrum
2026-02-08,Sunday,Weekend_Slot_4,21:00-22:00,Planning,Plan Week 11: Deep dive into Writ Jurisdiction & DPSP,Admin,Planner
2026-02-09,Monday,Morning,04:00-04:50,Polity,M. Laxmikanth: Ch 7 - Right against Exploitation (Art 23-24),Read,M. Laxmikanth
2026-02-09,Monday,Morning,04:50-05:00,Break,Hydrate,Break,N/A
2026-02-09,Monday,Morning,05:00-05:50,Polity,M. Laxmikanth: Ch 7 - Freedom of Religion (Art 25-28),Read,M. Laxmikanth
2026-02-09,Monday,Morning,05:50-06:00,Break,Walk,Break,N/A
2026-02-09,Monday,Morning,06:00-06:50,Polity,M. Laxmikanth: Ch 7 - Cultural & Educational Rights (Art 29-30),Read,M. Laxmikanth
2026-02-09,Monday,Evening,20:00-20:50,Current Affairs,Daily News Analysis: Editorial + Notes,Read,The Hindu
2026-02-09,Monday,Evening,20:50-21:00,Break,Eye Rest,Break,N/A
2026-02-09,Monday,Evening,21:00-21:50,Revision,SRS Review: Citizenship Ch 6 (Studied Feb 6),Revise,Flashcards created Feb 6
2026-02-09,Monday,Evening,21:50-22:00,Break,Stretch,Break,N/A
2026-02-09,Monday,Evening,22:00-22:50,Buffer,Buffer Slot,Buffer,N/A
2026-02-10,Tuesday,Morning,04:00-04:50,Polity,M. Laxmikanth: Ch 7 - Right to Constitutional Remedies (Art 32) - WRITS,Read,M. Laxmikanth
2026-02-10,Tuesday,Morning,04:50-05:00,Break,Hydrate,Break,N/A
2026-02-10,Tuesday,Morning,05:00-05:50,Polity,M. Laxmikanth: Ch 7 - Writs Types (Habeas Corpus/Mandamus/Prohibition),Read,M. Laxmikanth
2026-02-10,Tuesday,Morning,05:50-06:00,Break,Walk,Break,N/A
2026-02-10,Tuesday,Morning,06:00-06:50,Polity,M. Laxmikanth: Ch 7 - Writs Types (Certiorari/Quo-Warranto) & Art 33-35,Read,M. Laxmikanth
2026-02-10,Tuesday,Evening,20:00-20:50,Current Affairs,Daily News Analysis: Editorial + Notes,Read,The Hindu
2026-02-10,Tuesday,Evening,20:50-21:00,Break,Eye Rest,Break,N/A
2026-02-10,Tuesday,Evening,21:00-21:50,Flashcards,Task: CREATE Flashcards for Fundamental Rights (Art 12-35) - CRITICAL,Flashcard Creation,Anki / Paper
2026-02-10,Tuesday,Evening,21:50-22:00,Break,Stretch,Break,N/A
2026-02-10,Tuesday,Evening,22:00-22:50,Flashcards,Review: Flashcards Fundamental Rights (New Cards),Flashcard Review,Anki Deck
2026-02-11,Wednesday,Morning,04:00-04:50,Polity,M. Laxmikanth: Ch 8 - Directive Principles of State Policy (Classification),Read,M. Laxmikanth
2026-02-11,Wednesday,Morning,04:50-05:00,Break,Hydrate,Break,N/A
2026-02-11,Wednesday,Morning,05:00-05:50,Polity,M. Laxmikanth: Ch 8 - DPSP (Socialist/Gandhian/Liberal-Intellectual),Read,M. Laxmikanth
2026-02-11,Wednesday,Morning,05:50-06:00,Break,Walk,Break,N/A
2026-02-11,Wednesday,Morning,06:00-06:50,Polity,M. Laxmikanth: Ch 8 - New DPSPs & Conflict with FRs,Read,M. Laxmikanth
2026-02-11,Wednesday,Evening,20:00-20:50,Current Affairs,Daily News Analysis: Editorial + Notes,Read,The Hindu
2026-02-11,Wednesday,Evening,20:50-21:00,Break,Eye Rest,Break,N/A
2026-02-11,Wednesday,Evening,21:00-21:50,Revision,SRS Review: Spectrum Ch 1-3 (Studied Feb 7/8),Revise,Notes
2026-02-11,Wednesday,Evening,21:50-22:00,Break,Stretch,Break,N/A
2026-02-11,Wednesday,Evening,22:00-22:50,Flashcards,Task: CREATE Flashcards for DPSP,Flashcard Creation,Anki / Paper
2026-02-12,Thursday,Morning,04:00-04:50,Polity,M. Laxmikanth: Ch 9 - Fundamental Duties (List of 11 Duties),Read,M. Laxmikanth
2026-02-12,Thursday,Morning,04:50-05:00,Break,Hydrate,Break,N/A
2026-02-12,Thursday,Morning,05:00-05:50,Polity,M. Laxmikanth: Ch 10 - Amendment of Constitution (Procedure/Types),Read,M. Laxmikanth
2026-02-12,Thursday,Morning,05:50-06:00,Break,Walk,Break,N/A
2026-02-12,Thursday,Morning,06:00-06:50,Polity,M. Laxmikanth: Ch 11 - Basic Structure of Constitution (Evolution/Elements),Read,M. Laxmikanth
2026-02-12,Thursday,Evening,20:00-20:50,Current Affairs,Daily News Analysis: Editorial + Notes,Read,The Hindu
2026-02-12,Thursday,Evening,20:50-21:00,Break,Eye Rest,Break,N/A
2026-02-12,Thursday,Evening,21:00-21:50,Revision,SRS Review: Fundamental Rights (Studied Feb 7-10),Revise,Flashcards created Feb 10
2026-02-12,Thursday,Evening,21:50-22:00,Break,Stretch,Break,N/A
2026-02-12,Thursday,Evening,22:00-22:50,Flashcards,Task: CREATE Flashcards for Duties/Amendment/Basic Structure,Flashcard Creation,Anki / Paper
2026-02-13,Friday,Morning,04:00-04:50,History,Spectrum: Ch 4 - India on the Eve of British Conquest (Mughal Decline),Read,Spectrum
2026-02-13,Friday,Morning,04:50-05:00,Break,Hydrate,Break,N/A
2026-02-13,Friday,Morning,05:00-05:50,History,Spectrum: Ch 4 - Rise of Regional States (Hyderabad/Bengal/Awadh),Read,Spectrum
2026-02-13,Friday,Morning,05:50-06:00,Break,Walk,Break,N/A
2026-02-13,Friday,Morning,06:00-06:50,History,Spectrum: Ch 4 - Socio-Economic Conditions in 18th Century,Read,Spectrum
2026-02-13,Friday,Evening,20:00-20:50,Current Affairs,Daily News Analysis: Editorial + Notes,Read,The Hindu
2026-02-13,Friday,Evening,20:50-21:00,Break,Eye Rest,Break,N/A
2026-02-13,Friday,Evening,21:00-21:50,Revision,SRS Review: DPSP Ch 8 (Studied Feb 11),Revise,Flashcards created Feb 11
2026-02-13,Friday,Evening,21:50-22:00,Break,Stretch,Break,N/A
2026-02-13,Friday,Evening,22:00-22:50,Flashcards,Task: CREATE Flashcards for Spectrum Ch 4,Flashcard Creation,Anki / Paper
2026-02-14,Saturday,Weekend_Slot_1,09:00-09:50,Polity,M. Laxmikanth: Ch 12 - Parliamentary System (Features/Merits/Demerits),Read,M. Laxmikanth
2026-02-14,Saturday,Weekend_Slot_1,09:50-10:00,Break,Hydrate,Break,N/A
2026-02-14,Saturday,Weekend_Slot_1,10:00-10:50,Polity,M. Laxmikanth: Ch 13 - Federal System (Unitary vs Federal Features),Read,M. Laxmikanth
2026-02-14,Saturday,Weekend_Slot_1,10:50-11:00,Break,Walk,Break,N/A
2026-02-14,Saturday,Weekend_Slot_1,11:00-11:50,Polity,M. Laxmikanth: Ch 14 - Centre-State Relations (Legislative),Read,M. Laxmikanth
2026-02-14,Saturday,Weekend_Slot_2,13:00-13:50,Polity,M. Laxmikanth: Ch 14 - Centre-State Relations (Administrative/Financial),Read,M. Laxmikanth
2026-02-14,Saturday,Weekend_Slot_2,13:50-14:00,Break,Rest,Break,N/A
2026-02-14,Saturday,Weekend_Slot_2,14:00-14:50,Polity,M. Laxmikanth: Ch 15 - Inter-State Relations (Water Disputes/Councils),Read,M. Laxmikanth
2026-02-14,Saturday,Weekend_Slot_2,14:50-15:00,Break,Rest,Break,N/A
2026-02-14,Saturday,Weekend_Slot_2,15:00-16:00,Flashcards,Task: CREATE Flashcards for Federalism & Centre-State,Flashcard Creation,Anki / Paper
2026-02-14,Saturday,Weekend_Slot_3,17:00-17:50,History,Spectrum: Ch 5 - Expansion and Consolidation of British Power (Bengal: Plassey/Buxar),Read,Spectrum
2026-02-14,Saturday,Weekend_Slot_3,17:50-18:00,Break,Eye Rest,Break,N/A
2026-02-14,Saturday,Weekend_Slot_3,18:00-18:50,History,Spectrum: Ch 5 - Mysore Wars (Haikar Ali/Tipu Sultan),Read,Spectrum
2026-02-14,Saturday,Weekend_Slot_3,18:50-19:00,Break,Snack,Break,N/A
2026-02-14,Saturday,Weekend_Slot_3,19:00-19:50,Current Affairs,Weekly Compilation: Pages 11-20 (Feb Wk 2),Read,Monthly Magazine
2026-02-14,Saturday,Weekend_Slot_4,21:00-22:00,Revision,SRS Review: Fundamental Duties & Amendment (Studied Feb 12),Revise,Flashcards created Feb 12
2026-02-15,Sunday,Weekend_Slot_1,09:00-09:50,Mock Test,TEST 10: Polity (FR, DPSP, Duties, Amendments, Basic Structure),Mock Test,Sectional Test Series
2026-02-15,Sunday,Weekend_Slot_1,09:50-10:00,Break,Hydrate,Break,N/A
2026-02-15,Sunday,Weekend_Slot_1,10:00-10:50,Mock Test,TEST 10: Continue/Finish,Mock Test,Sectional Test Series
2026-02-15,Sunday,Weekend_Slot_1,10:50-11:00,Break,Walk,Break,N/A
2026-02-15,Sunday,Weekend_Slot_1,11:00-12:00,Analysis,Review Answers: Analyze Article memorization gaps,Analysis,Self-Analysis Journal
2026-02-15,Sunday,Weekend_Slot_2,13:00-13:50,History,Spectrum: Ch 5 - Maratha Wars (Treaty of Salbai/Bassein),Read,Spectrum
2026-02-15,Sunday,Weekend_Slot_2,13:50-14:00,Break,Rest,Break,N/A
2026-02-15,Sunday,Weekend_Slot_2,14:00-14:50,History,Spectrum: Ch 5 - Conquest of Sindh & Punjab (Ranjit Singh),Read,Spectrum
2026-02-15,Sunday,Weekend_Slot_2,14:50-15:00,Break,Rest,Break,N/A
2026-02-15,Sunday,Weekend_Slot_2,15:00-16:00,Flashcards,Task: CREATE Flashcards for Spectrum Ch 5 (Wars/Treaties),Flashcard Creation,Anki / Paper
2026-02-15,Sunday,Weekend_Slot_3,17:00-17:50,Polity,M. Laxmikanth: Ch 16 - Emergency Provisions (National Emergency - Art 352),Read,M. Laxmikanth
2026-02-15,Sunday,Weekend_Slot_3,17:50-18:00,Break,Eye Rest,Break,N/A
2026-02-15,Sunday,Weekend_Slot_3,18:00-18:50,Polity,M. Laxmikanth: Ch 16 - Emergency (President's Rule Art 356 & Financial Art 360),Read,M. Laxmikanth
2026-02-15,Sunday,Weekend_Slot_4,21:00-22:00,Planning,Plan Week 12: The President & Vice-President,Admin,Planner
2026-02-16,Monday,Morning,04:00-04:50,Polity,M. Laxmikanth: Ch 17 - President (Election/Qualifications/Oath),Read,M. Laxmikanth
2026-02-16,Monday,Morning,04:50-05:00,Break,Hydrate,Break,N/A
2026-02-16,Monday,Morning,05:00-05:50,Polity,M. Laxmikanth: Ch 17 - President (Powers: Executive/Legislative/Financial),Read,M. Laxmikanth
2026-02-16,Monday,Morning,05:50-06:00,Break,Walk,Break,N/A
2026-02-16,Monday,Morning,06:00-06:50,Polity,M. Laxmikanth: Ch 17 - President (Veto Power/Ordinance Power),Read,M. Laxmikanth
2026-02-16,Monday,Evening,20:00-20:50,Current Affairs,Daily News Analysis: Editorial + Notes,Read,The Hindu
2026-02-16,Monday,Evening,20:50-21:00,Break,Eye Rest,Break,N/A
2026-02-16,Monday,Evening,21:00-21:50,Revision,SRS Review: Spectrum Ch 4 (Studied Feb 13),Revise,Flashcards created Feb 13
2026-02-16,Monday,Evening,21:50-22:00,Break,Stretch,Break,N/A
2026-02-16,Monday,Evening,22:00-22:50,Flashcards,Task: CREATE Flashcards for Emergency Provisions & President,Flashcard Creation,Anki / Paper
2026-02-17,Tuesday,Morning,04:00-04:50,Polity,M. Laxmikanth: Ch 17 - President (Pardoning Power & Constitutional Position),Read,M. Laxmikanth
2026-02-17,Tuesday,Morning,04:50-05:00,Break,Hydrate,Break,N/A
2026-02-17,Tuesday,Morning,05:00-05:50,Polity,M. Laxmikanth: Ch 18 - Vice-President (Election/Powers),Read,M. Laxmikanth
2026-02-17,Tuesday,Morning,05:50-06:00,Break,Walk,Break,N/A
2026-02-17,Tuesday,Morning,06:00-06:50,Polity,M. Laxmikanth: Ch 19 - Prime Minister (Appointment/Functions/Role),Read,M. Laxmikanth
2026-02-17,Tuesday,Evening,20:00-20:50,Current Affairs,Daily News Analysis: Editorial + Notes,Read,The Hindu
2026-02-17,Tuesday,Evening,20:50-21:00,Break,Eye Rest,Break,N/A
2026-02-17,Tuesday,Evening,21:00-21:50,Revision,SRS Review: Polity Ch 12-14 (Parliamentary/Federal studied Feb 14),Revise,Flashcards created Feb 14
2026-02-17,Tuesday,Evening,21:50-22:00,Break,Stretch,Break,N/A
2026-02-17,Tuesday,Evening,22:00-22:50,Flashcards,Task: CREATE Flashcards for VP & PM,Flashcard Creation,Anki / Paper
2026-02-18,Wednesday,Morning,04:00-04:50,Polity,M. Laxmikanth: Ch 20 - Central Council of Ministers (Responsibility/Composition),Read,M. Laxmikanth
2026-02-18,Wednesday,Morning,04:50-05:00,Break,Hydrate,Break,N/A
2026-02-18,Wednesday,Morning,05:00-05:50,Polity,M. Laxmikanth: Ch 21 - Cabinet Committees (Types/Functions),Read,M. Laxmikanth
2026-02-18,Wednesday,Morning,05:50-06:00,Break,Walk,Break,N/A
2026-02-18,Wednesday,Morning,06:00-06:50,Polity,M. Laxmikanth: Ch 22 - Parliament (Composition: Rajya Sabha/Lok Sabha),Read,M. Laxmikanth
2026-02-18,Wednesday,Evening,20:00-20:50,Current Affairs,Daily News Analysis: Editorial + Notes,Read,The Hindu
2026-02-18,Wednesday,Evening,20:50-21:00,Break,Eye Rest,Break,N/A
2026-02-18,Wednesday,Evening,21:00-21:50,Revision,SRS Review: Spectrum Ch 5 (Studied Feb 14/15),Revise,Flashcards created Feb 15
2026-02-18,Wednesday,Evening,21:50-22:00,Break,Stretch,Break,N/A
2026-02-18,Wednesday,Evening,22:00-22:50,Buffer,Buffer Slot,Buffer,N/A
2026-02-19,Thursday,Morning,04:00-04:50,Polity,M. Laxmikanth: Ch 22 - Parliament (System of Elections/Duration),Read,M. Laxmikanth
2026-02-19,Thursday,Morning,04:50-05:00,Break,Hydrate,Break,N/A
2026-02-19,Thursday,Morning,05:00-05:50,Polity,M. Laxmikanth: Ch 22 - Parliament (Membership/Disqualification/Anti-Defection),Read,M. Laxmikanth
2026-02-19,Thursday,Morning,05:50-06:00,Break,Walk,Break,N/A
2026-02-19,Thursday,Morning,06:00-06:50,Polity,M. Laxmikanth: Ch 22 - Parliament (Presiding Officers: Speaker/Chairman),Read,M. Laxmikanth
2026-02-19,Thursday,Evening,20:00-20:50,Current Affairs,Daily News Analysis: Editorial + Notes,Read,The Hindu
2026-02-19,Thursday,Evening,20:50-21:00,Break,Eye Rest,Break,N/A
2026-02-19,Thursday,Evening,21:00-21:50,Revision,SRS Review: Polity Ch 16 (Emergency - Studied Feb 15),Revise,Flashcards created Feb 16
2026-02-19,Thursday,Evening,21:50-22:00,Break,Stretch,Break,N/A
2026-02-19,Thursday,Evening,22:00-22:50,Flashcards,Task: CREATE Flashcards for Parliament Pt 1,Flashcard Creation,Anki / Paper
2026-02-20,Friday,Morning,04:00-04:50,Polity,M. Laxmikanth: Ch 22 - Parliament (Sessions/Quorum/Devices of Proceedings),Read,M. Laxmikanth
2026-02-20,Friday,Morning,04:50-05:00,Break,Hydrate,Break,N/A
2026-02-20,Friday,Morning,05:00-05:50,Polity,M. Laxmikanth: Ch 22 - Parliament (Legislative Procedure: Ordinary/Money Bills),Read,M. Laxmikanth
2026-02-20,Friday,Morning,05:50-06:00,Break,Walk,Break,N/A
2026-02-20,Friday,Morning,06:00-06:50,Polity,M. Laxmikanth: Ch 22 - Parliament (Joint Sitting/Budget Procedure),Read,M. Laxmikanth
2026-02-20,Friday,Evening,20:00-20:50,Current Affairs,Daily News Analysis: Editorial + Notes,Read,The Hindu
2026-02-20,Friday,Evening,20:50-21:00,Break,Eye Rest,Break,N/A
2026-02-20,Friday,Evening,21:00-21:50,Revision,SRS Review: Polity President/VP (Studied Feb 16/17),Revise,Flashcards created Feb 16/17
2026-02-20,Friday,Evening,21:50-22:00,Break,Stretch,Break,N/A
2026-02-20,Friday,Evening,22:00-22:50,Flashcards,Task: CREATE Flashcards for Parliament Pt 2 (Bills/Budget),Flashcard Creation,Anki / Paper
2026-02-21,Saturday,Weekend_Slot_1,09:00-09:50,Polity,M. Laxmikanth: Ch 22 - Parliament (Powers/Privileges/Sovereignty),Read,M. Laxmikanth
2026-02-21,Saturday,Weekend_Slot_1,09:50-10:00,Break,Hydrate,Break,N/A
2026-02-21,Saturday,Weekend_Slot_1,10:00-10:50,Polity,M. Laxmikanth: Ch 23 - Parliamentary Committees (PAC/Estimates/CoPU),Read,M. Laxmikanth
2026-02-21,Saturday,Weekend_Slot_1,10:50-11:00,Break,Walk,Break,N/A
2026-02-21,Saturday,Weekend_Slot_1,11:00-11:50,Polity,M. Laxmikanth: Ch 24 - Parliamentary Forums & Ch 25 - Supreme Court (Appointment),Read,M. Laxmikanth
2026-02-21,Saturday,Weekend_Slot_2,13:00-13:50,History,Spectrum: Ch 6 - People's Resistance (Civil Uprisings before 1857),Read,Spectrum
2026-02-21,Saturday,Weekend_Slot_2,13:50-14:00,Break,Rest,Break,N/A
2026-02-21,Saturday,Weekend_Slot_2,14:00-14:50,History,Spectrum: Ch 6 - Tribal Revolts (Santhal/Kol/Bhil),Read,Spectrum
2026-02-21,Saturday,Weekend_Slot_2,14:50-15:00,Break,Rest,Break,N/A
2026-02-21,Saturday,Weekend_Slot_2,15:00-16:00,History,Spectrum: Ch 6 - Peasant Movements (Indigo/Deccan Riots),Read,Spectrum
2026-02-21,Saturday,Weekend_Slot_3,17:00-17:50,CSAT,Reasoning: Puzzles (Floor/Box based),Practice,RS Aggarwal
2026-02-21,Saturday,Weekend_Slot_3,17:50-18:00,Break,Eye Rest,Break,N/A
2026-02-21,Saturday,Weekend_Slot_3,18:00-18:50,CSAT,Quant: Data Interpretation (Tables/Graphs),Practice,RS Aggarwal
2026-02-21,Saturday,Weekend_Slot_3,18:50-19:00,Break,Snack,Break,N/A
2026-02-21,Saturday,Weekend_Slot_3,19:00-19:50,Current Affairs,Weekly Compilation: Pages 21-30 (Feb Wk 3),Read,Monthly Magazine
2026-02-21,Saturday,Weekend_Slot_4,21:00-22:00,Flashcards,Task: CREATE Flashcards for Spectrum Ch 6 (Revolts),Flashcard Creation,Anki / Paper
2026-02-22,Sunday,Weekend_Slot_1,09:00-09:50,Mock Test,TEST 11: Polity (Parliament/President/VP/Emergency) & Modern History (Early Revolts),Mock Test,Sectional Test Series
2026-02-22,Sunday,Weekend_Slot_1,09:50-10:00,Break,Hydrate,Break,N/A
2026-02-22,Sunday,Weekend_Slot_1,10:00-10:50,Mock Test,TEST 11: Continue/Finish,Mock Test,Sectional Test Series
2026-02-22,Sunday,Weekend_Slot_1,10:50-11:00,Break,Walk,Break,N/A
2026-02-22,Sunday,Weekend_Slot_1,11:00-12:00,Analysis,Review Answers: Check accuracy on Parliamentary Procedures (Motions/Hour),Analysis,Self-Analysis Journal
2026-02-22,Sunday,Weekend_Slot_2,13:00-13:50,Polity,M. Laxmikanth: Ch 25 - Supreme Court (Jurisdiction: Original/Appellate/Advisory),Read,M. Laxmikanth
2026-02-22,Sunday,Weekend_Slot_2,13:50-14:00,Break,Rest,Break,N/A
2026-02-22,Sunday,Weekend_Slot_2,14:00-14:50,Polity,M. Laxmikanth: Ch 26 - Judicial Review & Ch 27 - Judicial Activism,Read,M. Laxmikanth
2026-02-22,Sunday,Weekend_Slot_2,14:50-15:00,Break,Rest,Break,N/A
2026-02-22,Sunday,Weekend_Slot_2,15:00-16:00,Polity,M. Laxmikanth: Ch 28 - Public Interest Litigation (PIL),Read,M. Laxmikanth
2026-02-22,Sunday,Weekend_Slot_3,17:00-17:50,History,Spectrum: Ch 7 - The Revolt of 1857 (Causes: Eco/Pol/Admin),Read,Spectrum
2026-02-22,Sunday,Weekend_Slot_3,17:50-18:00,Break,Eye Rest,Break,N/A
2026-02-22,Sunday,Weekend_Slot_3,18:00-18:50,History,Spectrum: Ch 7 - The Revolt of 1857 (Centres & Leaders: Delhi/Kanpur/Lucknow/Jhansi),Read,Spectrum
2026-02-22,Sunday,Weekend_Slot_4,21:00-22:00,Planning,Plan Week 13: State Executive & Legislature,Admin,Planner
2026-02-23,Monday,Morning,04:00-04:50,Polity,M. Laxmikanth: Ch 29 - Governor (Appointment/Powers vs President),Read,M. Laxmikanth
2026-02-23,Monday,Morning,04:50-05:00,Break,Hydrate,Break,N/A
2026-02-23,Monday,Morning,05:00-05:50,Polity,M. Laxmikanth: Ch 29 - Governor (Discretionary Powers/Constitutional Position),Read,M. Laxmikanth
2026-02-23,Monday,Morning,05:50-06:00,Break,Walk,Break,N/A
2026-02-23,Monday,Morning,06:00-06:50,Polity,M. Laxmikanth: Ch 30 - Chief Minister & Ch 31 - State Council of Ministers,Read,M. Laxmikanth
2026-02-23,Monday,Evening,20:00-20:50,Current Affairs,Daily News Analysis: Editorial + Notes,Read,The Hindu
2026-02-23,Monday,Evening,20:50-21:00,Break,Eye Rest,Break,N/A
2026-02-23,Monday,Evening,21:00-21:50,Revision,SRS Review: Polity Parliament Ch 22 (Studied Feb 19-21),Revise,Flashcards created Feb 21
2026-02-23,Monday,Evening,21:50-22:00,Break,Stretch,Break,N/A
2026-02-23,Monday,Evening,22:00-22:50,Flashcards,Task: CREATE Flashcards for Governor/CM/SC,Flashcard Creation,Anki / Paper
2026-02-24,Tuesday,Morning,04:00-04:50,Polity,M. Laxmikanth: Ch 32 - State Legislature (Composition: Vidhan Sabha/Parishad),Read,M. Laxmikanth
2026-02-24,Tuesday,Morning,04:50-05:00,Break,Hydrate,Break,N/A
2026-02-24,Tuesday,Morning,05:00-05:50,Polity,M. Laxmikanth: Ch 32 - State Legislature (Legislative Procedure vs Parliament),Read,M. Laxmikanth
2026-02-24,Tuesday,Morning,05:50-06:00,Break,Walk,Break,N/A
2026-02-24,Tuesday,Morning,06:00-06:50,Polity,M. Laxmikanth: Ch 33 - High Court (Appointment/Removal/Jurisdiction),Read,M. Laxmikanth
2026-02-24,Tuesday,Evening,20:00-20:50,Current Affairs,Daily News Analysis: Editorial + Notes,Read,The Hindu
2026-02-24,Tuesday,Evening,20:50-21:00,Break,Eye Rest,Break,N/A
2026-02-24,Tuesday,Evening,21:00-21:50,Revision,SRS Review: Spectrum Ch 6 (Studied Feb 21),Revise,Flashcards created Feb 21
2026-02-24,Tuesday,Evening,21:50-22:00,Break,Stretch,Break,N/A
2026-02-24,Tuesday,Evening,22:00-22:50,Flashcards,Task: CREATE Flashcards for State Legislature & High Court,Flashcard Creation,Anki / Paper
2026-02-25,Wednesday,Morning,04:00-04:50,Polity,M. Laxmikanth: Ch 34 - Tribunals (Admin/Other - Art 323A/323B),Read,M. Laxmikanth
2026-02-25,Wednesday,Morning,04:50-05:00,Break,Hydrate,Break,N/A
2026-02-25,Wednesday,Morning,05:00-05:50,Polity,M. Laxmikanth: Ch 35 - Subordinate Courts (District Judges/NALSA/Lok Adalats),Read,M. Laxmikanth
2026-02-25,Wednesday,Morning,05:50-06:00,Break,Walk,Break,N/A
2026-02-25,Wednesday,Morning,06:00-06:50,Polity,M. Laxmikanth: Ch 36 - Special Provisions for Some States (Art 371 to 371-J),Read,M. Laxmikanth
2026-02-25,Wednesday,Evening,20:00-20:50,Current Affairs,Daily News Analysis: Editorial + Notes,Read,The Hindu
2026-02-25,Wednesday,Evening,20:50-21:00,Break,Eye Rest,Break,N/A
2026-02-25,Wednesday,Evening,21:00-21:50,History,Spectrum: Ch 7 - The Revolt of 1857 (Causes of Failure/Nature/Significance),Read,Spectrum
2026-02-25,Wednesday,Evening,21:50-22:00,Break,Stretch,Break,N/A
2026-02-25,Wednesday,Evening,22:00-22:50,Flashcards,Task: CREATE Flashcards for Spectrum Ch 7 (1857 Revolt),Flashcard Creation,Anki / Paper
2026-02-26,Thursday,Morning,04:00-04:50,Polity,M. Laxmikanth: Ch 37 - Panchayati Raj (Evolution: Balwant Rai/Ashok Mehta Committees),Read,M. Laxmikanth
2026-02-26,Thursday,Morning,04:50-05:00,Break,Hydrate,Break,N/A
2026-02-26,Thursday,Morning,05:00-05:50,Polity,M. Laxmikanth: Ch 37 - 73rd Amendment Act (Compulsory vs Voluntary Provisions),Read,M. Laxmikanth
2026-02-26,Thursday,Morning,05:50-06:00,Break,Walk,Break,N/A
2026-02-26,Thursday,Morning,06:00-06:50,Polity,M. Laxmikanth: Ch 37 - PESA Act 1996 (Extension to Scheduled Areas),Read,M. Laxmikanth
2026-02-26,Thursday,Evening,20:00-20:50,Current Affairs,Daily News Analysis: Editorial + Notes,Read,The Hindu
2026-02-26,Thursday,Evening,20:50-21:00,Break,Eye Rest,Break,N/A
2026-02-26,Thursday,Evening,21:00-21:50,Revision,SRS Review: Polity Supreme Court (Studied Feb 22),Revise,Flashcards created Feb 23
2026-02-26,Thursday,Evening,21:50-22:00,Break,Stretch,Break,N/A
2026-02-26,Thursday,Evening,22:00-22:50,Flashcards,Task: CREATE Flashcards for Panchayati Raj (73rd Amd),Flashcard Creation,Anki / Paper
2026-02-27,Friday,Morning,04:00-04:50,Polity,M. Laxmikanth: Ch 38 - Municipalities (74th Amendment Act: 3 Types of Municipalities),Read,M. Laxmikanth
2026-02-27,Friday,Morning,04:50-05:00,Break,Hydrate,Break,N/A
2026-02-27,Friday,Morning,05:00-05:50,Polity,M. Laxmikanth: Ch 38 - Municipalities (Wards Committees/MPC/DPC),Read,M. Laxmikanth
2026-02-27,Friday,Morning,05:50-06:00,Break,Walk,Break,N/A
2026-02-27,Friday,Morning,06:00-06:50,Polity,M. Laxmikanth: Ch 39 - Union Territories & Ch 40 - Scheduled and Tribal Areas,Read,M. Laxmikanth
2026-02-27,Friday,Evening,20:00-20:50,Current Affairs,Daily News Analysis: Editorial + Notes,Read,The Hindu
2026-02-27,Friday,Evening,20:50-21:00,Break,Eye Rest,Break,N/A
2026-02-27,Friday,Evening,21:00-21:50,Revision,SRS Review: Polity Governor/CM (Studied Feb 23),Revise,Flashcards created Feb 23
2026-02-27,Friday,Evening,21:50-22:00,Break,Stretch,Break,N/A
2026-02-27,Friday,Evening,22:00-22:50,Flashcards,Task: CREATE Flashcards for Municipalities & UTs,Flashcard Creation,Anki / Paper
2026-02-28,Saturday,Weekend_Slot_1,09:00-09:50,History,Spectrum: Ch 8 - Socio-Religious Reform Movements (General Features/Factors),Read,Spectrum
2026-02-28,Saturday,Weekend_Slot_1,09:50-10:00,Break,Hydrate,Break,N/A
2026-02-28,Saturday,Weekend_Slot_1,10:00-10:50,History,Spectrum: Ch 9 - Reform Movements (Raja Rammohan Roy/Brahmo Samaj),Read,Spectrum
2026-02-28,Saturday,Weekend_Slot_1,10:50-11:00,Break,Walk,Break,N/A
2026-02-28,Saturday,Weekend_Slot_1,11:00-11:50,History,Spectrum: Ch 9 - Reform Movements (Prarthana Samaj/Young Bengal/Ishwar Chandra Vidyasagar),Read,Spectrum
2026-02-28,Saturday,Weekend_Slot_2,13:00-13:50,Polity,M. Laxmikanth: Ch 41 - Election Commission (Composition/Powers),Read,M. Laxmikanth
2026-02-28,Saturday,Weekend_Slot_2,13:50-14:00,Break,Rest,Break,N/A
2026-02-28,Saturday,Weekend_Slot_2,14:00-14:50,Polity,M. Laxmikanth: Ch 42 - UPSC & Ch 43 - SPSC (Removal/Independence),Read,M. Laxmikanth
2026-02-28,Saturday,Weekend_Slot_2,14:50-15:00,Break,Rest,Break,N/A
2026-02-28,Saturday,Weekend_Slot_2,15:00-16:00,Flashcards,Task: CREATE Flashcards for Reform Movements (Pt 1) & EC/UPSC,Flashcard Creation,Anki / Paper
2026-02-28,Saturday,Weekend_Slot_3,17:00-17:50,CSAT,Quant: Permutation & Combination (Basics),Practice,RS Aggarwal
2026-02-28,Saturday,Weekend_Slot_3,17:50-18:00,Break,Eye Rest,Break,N/A
2026-02-28,Saturday,Weekend_Slot_3,18:00-18:50,CSAT,Quant: Probability,Practice,RS Aggarwal
2026-02-28,Saturday,Weekend_Slot_3,18:50-19:00,Break,Snack,Break,N/A
2026-02-28,Saturday,Weekend_Slot_3,19:00-19:50,Current Affairs,Weekly Compilation: Pages 31-40 (Feb Wk 4),Read,Monthly Magazine
2026-02-28,Saturday,Weekend_Slot_4,21:00-22:00,Revision,SRS Review: Polity State Leg/HC (Studied Feb 24),Revise,Flashcards created Feb 24
2026-03-01,Sunday,Weekend_Slot_1,09:00-09:50,Mock Test,TEST 12: Polity (State Govt + Local Govt + Judiciary) & History (1857),Mock Test,Sectional Test Series
2026-03-01,Sunday,Weekend_Slot_1,09:50-10:00,Break,Hydrate,Break,N/A
2026-03-01,Sunday,Weekend_Slot_1,10:00-10:50,Mock Test,TEST 12: Continue/Finish,Mock Test,Sectional Test Series
2026-03-01,Sunday,Weekend_Slot_1,10:50-11:00,Break,Walk,Break,N/A
2026-03-01,Sunday,Weekend_Slot_1,11:00-12:00,Analysis,Review Answers: Focus on 73rd/74th Amendment details,Analysis,Self-Analysis Journal
2026-03-01,Sunday,Weekend_Slot_2,13:00-13:50,Polity,M. Laxmikanth: Ch 44 - Finance Commission (Art 280),Read,M. Laxmikanth
2026-03-01,Sunday,Weekend_Slot_2,13:50-14:00,Break,Rest,Break,N/A
2026-03-01,Sunday,Weekend_Slot_2,14:00-14:50,Polity,M. Laxmikanth: Ch 45 - Goods & Services Tax Council,Read,M. Laxmikanth
2026-03-01,Sunday,Weekend_Slot_2,14:50-15:00,Break,Rest,Break,N/A
2026-03-01,Sunday,Weekend_Slot_2,15:00-16:00,Polity,M. Laxmikanth: Ch 46 - National Commission for SCs & Ch 47 - NC for STs,Read,M. Laxmikanth
2026-03-01,Sunday,Weekend_Slot_3,17:00-17:50,History,Spectrum: Ch 9 - Reform Movements (Dayanand Saraswati/Arya Samaj),Read,Spectrum
2026-03-01,Sunday,Weekend_Slot_3,17:50-18:00,Break,Eye Rest,Break,N/A
2026-03-01,Sunday,Weekend_Slot_3,18:00-18:50,History,Spectrum: Ch 9 - Reform Movements (Ramakrishna Mission/Vivekananda),Read,Spectrum
2026-03-01,Sunday,Weekend_Slot_4,21:00-22:00,Planning,Plan Week 14: Finish Constitutional Bodies & Spectrum Reforms,Admin,Planner
2026-03-02,Monday,Morning,04:00-04:50,Polity,M. Laxmikanth: Ch 48 - NC for Backward Classes (338B) & Ch 49 - Special Officer for Linguistic Minorities,Read,M. Laxmikanth
2026-03-02,Monday,Morning,04:50-05:00,Break,Hydrate,Break,N/A
2026-03-02,Monday,Morning,05:00-05:50,Polity,M. Laxmikanth: Ch 50 - Comptroller and Auditor General (CAG - Watchdog),Read,M. Laxmikanth
2026-03-02,Monday,Morning,05:50-06:00,Break,Walk,Break,N/A
2026-03-02,Monday,Morning,06:00-06:50,Polity,M. Laxmikanth: Ch 51 - Attorney General & Ch 52 - Advocate General,Read,M. Laxmikanth
2026-03-02,Monday,Evening,20:00-20:50,Current Affairs,Daily News Analysis: Editorial + Notes,Read,The Hindu
2026-03-02,Monday,Evening,20:50-21:00,Break,Eye Rest,Break,N/A
2026-03-02,Monday,Evening,21:00-21:50,Revision,SRS Review: Polity Panchayats/Municipalities (Studied Feb 26/27),Revise,Flashcards created Feb 26/27
2026-03-02,Monday,Evening,21:50-22:00,Break,Stretch,Break,N/A
2026-03-02,Monday,Evening,22:00-22:50,Flashcards,Task: CREATE Flashcards for Constitutional Bodies (FinComm/CAG/AG),Flashcard Creation,Anki / Paper
2026-03-03,Tuesday,Morning,04:00-04:50,Polity,M. Laxmikanth: Ch 53 - NITI Aayog (Cooperative Federalism),Read,M. Laxmikanth
2026-03-03,Tuesday,Morning,04:50-05:00,Break,Hydrate,Break,N/A
2026-03-03,Tuesday,Morning,05:00-05:50,Polity,M. Laxmikanth: Ch 54 - National Human Rights Commission (NHRC),Read,M. Laxmikanth
2026-03-03,Tuesday,Morning,05:50-06:00,Break,Walk,Break,N/A
2026-03-03,Tuesday,Morning,06:00-06:50,Polity,M. Laxmikanth: Ch 55 - State Human Rights Commission (SHRC),Read,M. Laxmikanth
2026-03-03,Tuesday,Evening,20:00-20:50,Current Affairs,Daily News Analysis: Editorial + Notes,Read,The Hindu
2026-03-03,Tuesday,Evening,20:50-21:00,Break,Eye Rest,Break,N/A
2026-03-03,Tuesday,Evening,21:00-21:50,History,Spectrum: Ch 9 - Reform Movements (Theosophical Society/Satyashodhak Samaj),Read,Spectrum
2026-03-03,Tuesday,Evening,21:50-22:00,Break,Stretch,Break,N/A
2026-03-03,Tuesday,Evening,22:00-22:50,Flashcards,Task: CREATE Flashcards for NITI Aayog & NHRC,Flashcard Creation,Anki / Paper
2026-03-04,Wednesday,Morning,04:00-04:50,Polity,M. Laxmikanth: Ch 56 - Central Information Commission (RTI Act Basics),Read,M. Laxmikanth
2026-03-04,Wednesday,Morning,04:50-05:00,Break,Hydrate,Break,N/A
2026-03-04,Wednesday,Morning,05:00-05:50,Polity,M. Laxmikanth: Ch 57 - State Information Commission,Read,M. Laxmikanth
2026-03-04,Wednesday,Morning,05:50-06:00,Break,Walk,Break,N/A
2026-03-04,Wednesday,Morning,06:00-06:50,Polity,M. Laxmikanth: Ch 58 - Central Vigilance Commission (CVC),Read,M. Laxmikanth
2026-03-04,Wednesday,Evening,20:00-20:50,Current Affairs,Daily News Analysis: Editorial + Notes,Read,The Hindu
2026-03-04,Wednesday,Evening,20:50-21:00,Break,Eye Rest,Break,N/A
2026-03-04,Wednesday,Evening,21:00-21:50,History,Spectrum: Ch 9 - Reform Movements (Islamic/Sikh/Parsi Movements),Read,Spectrum
2026-03-04,Wednesday,Evening,21:50-22:00,Break,Stretch,Break,N/A
2026-03-04,Wednesday,Evening,22:00-22:50,Flashcards,Task: CREATE Flashcards for CIC/CVC & Reform Movements Pt 2,Flashcard Creation,Anki / Paper
2026-03-05,Thursday,Morning,04:00-04:50,Polity,M. Laxmikanth: Ch 59 - Central Bureau of Investigation (CBI),Read,M. Laxmikanth
2026-03-05,Thursday,Morning,04:50-05:00,Break,Hydrate,Break,N/A
2026-03-05,Thursday,Morning,05:00-05:50,Polity,M. Laxmikanth: Ch 60 - Lokpal and Lokayuktas,Read,M. Laxmikanth
2026-03-05,Thursday,Morning,05:50-06:00,Break,Walk,Break,N/A
2026-03-05,Thursday,Morning,06:00-06:50,Polity,M. Laxmikanth: Ch 61 - National Investigation Agency (NIA) & Ch 62 - NDMA,Read,M. Laxmikanth
2026-03-05,Thursday,Evening,20:00-20:50,Current Affairs,Daily News Analysis: Editorial + Notes,Read,The Hindu
2026-03-05,Thursday,Evening,20:50-21:00,Break,Eye Rest,Break,N/A
2026-03-05,Thursday,Evening,21:00-21:50,Revision,SRS Review: History 1857 Revolt (Studied Feb 25),Revise,Flashcards created Feb 25
2026-03-05,Thursday,Evening,21:50-22:00,Break,Stretch,Break,N/A
2026-03-05,Thursday,Evening,22:00-22:50,Flashcards,Task: CREATE Flashcards for CBI/Lokpal/NIA,Flashcard Creation,Anki / Paper
2026-03-06,Friday,Morning,04:00-04:50,Polity,M. Laxmikanth: Ch 63 - Cooperative Societies & Ch 64 - Official Language,Read,M. Laxmikanth
2026-03-06,Friday,Morning,04:50-05:00,Break,Hydrate,Break,N/A
2026-03-06,Friday,Morning,05:00-05:50,Polity,M. Laxmikanth: Ch 65 - Public Services (All India Services),Read,M. Laxmikanth
2026-03-06,Friday,Morning,05:50-06:00,Break,Walk,Break,N/A
2026-03-06,Friday,Morning,06:00-06:50,Polity,M. Laxmikanth: Ch 66 - Rights and Liabilities of the Government,Read,M. Laxmikanth
2026-03-06,Friday,Evening,20:00-20:50,Current Affairs,Daily News Analysis: Editorial + Notes,Read,The Hindu
2026-03-06,Friday,Evening,20:50-21:00,Break,Eye Rest,Break,N/A
2026-03-06,Friday,Evening,21:00-21:50,Revision,SRS Review: Spectrum Reforms (Studied Feb 28),Revise,Flashcards created Feb 28
2026-03-06,Friday,Evening,21:50-22:00,Break,Stretch,Break,N/A
2026-03-06,Friday,Evening,22:00-22:50,Buffer,Buffer Slot,Buffer,N/A
2026-03-07,Saturday,Weekend_Slot_1,09:00-09:50,History,Spectrum: Ch 10 - Struggle Begins (Factors leading to Congress),Read,Spectrum
2026-03-07,Saturday,Weekend_Slot_1,09:50-10:00,Break,Hydrate,Break,N/A
2026-03-07,Saturday,Weekend_Slot_1,10:00-10:50,History,Spectrum: Ch 10 - Pre-Congress Associations (British India Association etc.),Read,Spectrum
2026-03-07,Saturday,Weekend_Slot_1,10:50-11:00,Break,Walk,Break,N/A
2026-03-07,Saturday,Weekend_Slot_1,11:00-11:50,History,Spectrum: Ch 10 - Foundation of Indian National Congress (Safety Valve Theory),Read,Spectrum
2026-03-07,Saturday,Weekend_Slot_2,13:00-13:50,Polity,M. Laxmikanth: Ch 67 - Special Provisions (Classes) & Ch 68 - Political Parties,Read,M. Laxmikanth
2026-03-07,Saturday,Weekend_Slot_2,13:50-14:00,Break,Rest,Break,N/A
2026-03-07,Saturday,Weekend_Slot_2,14:00-14:50,Polity,M. Laxmikanth: Ch 69 - Elections & Ch 70 - Electoral Reforms (EVMs/VVPAT),Read,M. Laxmikanth
2026-03-07,Saturday,Weekend_Slot_2,14:50-15:00,Break,Rest,Break,N/A
2026-03-07,Saturday,Weekend_Slot_2,15:00-16:00,Flashcards,Task: CREATE Flashcards for Pre-Congress Associations & Elections,Flashcard Creation,Anki / Paper
2026-03-07,Saturday,Weekend_Slot_3,17:00-17:50,CSAT,Quant: Mensuration 2D (Area/Perimeter),Practice,RS Aggarwal
2026-03-07,Saturday,Weekend_Slot_3,17:50-18:00,Break,Eye Rest,Break,N/A
2026-03-07,Saturday,Weekend_Slot_3,18:00-18:50,CSAT,Quant: Mensuration 3D (Volume/Surface Area),Practice,RS Aggarwal
2026-03-07,Saturday,Weekend_Slot_3,18:50-19:00,Break,Snack,Break,N/A
2026-03-07,Saturday,Weekend_Slot_3,19:00-19:50,Current Affairs,Weekly Compilation: Pages 41-50 (March Wk 1),Read,Monthly Magazine
2026-03-07,Saturday,Weekend_Slot_4,21:00-22:00,Revision,SRS Review: Polity Constitutional Bodies (Studied Mar 1-2),Revise,Flashcards created Mar 2
2026-03-08,Sunday,Weekend_Slot_1,09:00-09:50,Mock Test,TEST 13: Polity (Constitutional & Non-Constitutional Bodies) & History (Reform Movements),Mock Test,Sectional Test Series
2026-03-08,Sunday,Weekend_Slot_1,09:50-10:00,Break,Hydrate,Break,N/A
2026-03-08,Sunday,Weekend_Slot_1,10:00-10:50,Mock Test,TEST 13: Continue/Finish,Mock Test,Sectional Test Series
2026-03-08,Sunday,Weekend_Slot_1,10:50-11:00,Break,Walk,Break,N/A
2026-03-08,Sunday,Weekend_Slot_1,11:00-12:00,Analysis,Review Answers: Check memory of Body Composition (Members/Tenure),Analysis,Self-Analysis Journal
2026-03-08,Sunday,Weekend_Slot_2,13:00-13:50,Polity,M. Laxmikanth: Ch 71 - Anti-Defection Law (10th Schedule - Detailed),Read,M. Laxmikanth
2026-03-08,Sunday,Weekend_Slot_2,13:50-14:00,Break,Rest,Break,N/A
2026-03-08,Sunday,Weekend_Slot_2,14:00-14:50,Polity,M. Laxmikanth: Ch 72 - Pressure Groups & Ch 73 - National Integration,Read,M. Laxmikanth
2026-03-08,Sunday,Weekend_Slot_2,14:50-15:00,Break,Rest,Break,N/A
2026-03-08,Sunday,Weekend_Slot_2,15:00-16:00,Polity,M. Laxmikanth: Ch 74 - Foreign Policy (Basic Principles),Read,M. Laxmikanth
2026-03-08,Sunday,Weekend_Slot_3,17:00-17:50,History,Spectrum: Ch 11 - Era of Moderates (1885-1905) - Methodology/Demands,Read,Spectrum
2026-03-08,Sunday,Weekend_Slot_3,17:50-18:00,Break,Eye Rest,Break,N/A
2026-03-08,Sunday,Weekend_Slot_3,18:00-18:50,History,Spectrum: Ch 11 - Contribution of Moderates (Economic Critique),Read,Spectrum
2026-03-08,Sunday,Weekend_Slot_4,21:00-22:00,Planning,Plan Week 15: Finish Polity Book & Start GC Leong,Admin,Planner
2026-03-09,Monday,Morning,04:00-04:50,Polity,M. Laxmikanth: Appendix Study (Table of Articles - Part 1),Revise,M. Laxmikanth
2026-03-09,Monday,Morning,04:50-05:00,Break,Hydrate,Break,N/A
2026-03-09,Monday,Morning,05:00-05:50,Polity,M. Laxmikanth: Appendix Study (Union/State Lists & Table of Precedence),Revise,M. Laxmikanth
2026-03-09,Monday,Morning,05:50-06:00,Break,Walk,Break,N/A
2026-03-09,Monday,Morning,06:00-06:50,Polity,BOOK COMPLETION: Rapid Skim of Index to check missed topics,Revise,M. Laxmikanth
2026-03-09,Monday,Evening,20:00-20:50,Current Affairs,Daily News Analysis: Editorial + Notes,Read,The Hindu
2026-03-09,Monday,Evening,20:50-21:00,Break,Eye Rest,Break,N/A
2026-03-09,Monday,Evening,21:00-21:50,Revision,SRS Review: Polity Constitutional Bodies (Studied Mar 2/3),Revise,Flashcards created Mar 2
2026-03-09,Monday,Evening,21:50-22:00,Break,Stretch,Break,N/A
2026-03-09,Monday,Evening,22:00-22:50,Flashcards,Task: CREATE Flashcards for Anti-Defection & Important Articles,Flashcard Creation,Anki / Paper
2026-03-10,Tuesday,Morning,04:00-04:50,Geography,GC Leong: Ch 1 - The Earth's Crust (Rocks/Earthquakes - Adv perspective),Read,GC Leong
2026-03-10,Tuesday,Morning,04:50-05:00,Break,Hydrate,Break,N/A
2026-03-10,Tuesday,Morning,05:00-05:50,Geography,GC Leong: Ch 2 - Vulcanism and Earthquakes,Read,GC Leong
2026-03-10,Tuesday,Morning,05:50-06:00,Break,Walk,Break,N/A
2026-03-10,Tuesday,Morning,06:00-06:50,Geography,GC Leong: Ch 3 - Weathering Mass Movement and Groundwater,Read,GC Leong
2026-03-10,Tuesday,Evening,20:00-20:50,Current Affairs,Daily News Analysis: Editorial + Notes,Read,The Hindu
2026-03-10,Tuesday,Evening,20:50-21:00,Break,Eye Rest,Break,N/A
2026-03-10,Tuesday,Evening,21:00-21:50,Revision,SRS Review: Spectrum Reforms (Studied Mar 4),Revise,Flashcards created Mar 4
2026-03-10,Tuesday,Evening,21:50-22:00,Break,Stretch,Break,N/A
2026-03-10,Tuesday,Evening,22:00-22:50,Flashcards,Task: CREATE Flashcards for GC Leong Ch 1-3 (Diagrams focus),Flashcard Creation,Anki / Paper
2026-03-11,Wednesday,Morning,04:00-04:50,Geography,GC Leong: Ch 4 - Landforms made by Running Water,Read,GC Leong
2026-03-11,Wednesday,Morning,04:50-05:00,Break,Hydrate,Break,N/A
2026-03-11,Wednesday,Morning,05:00-05:50,Geography,GC Leong: Ch 5 - Landforms of Glaciation,Read,GC Leong
2026-03-11,Wednesday,Morning,05:50-06:00,Break,Walk,Break,N/A
2026-03-11,Wednesday,Morning,06:00-06:50,Geography,GC Leong: Ch 6 - Arid or Desert Landforms (Wind action),Read,GC Leong
2026-03-11,Wednesday,Evening,20:00-20:50,Current Affairs,Daily News Analysis: Editorial + Notes,Read,The Hindu
2026-03-11,Wednesday,Evening,20:50-21:00,Break,Eye Rest,Break,N/A
2026-03-11,Wednesday,Evening,21:00-21:50,History,Spectrum: Ch 12 - Era of Militant Nationalism (Extremists: 1905-1909),Read,Spectrum
2026-03-11,Wednesday,Evening,21:50-22:00,Break,Stretch,Break,N/A
2026-03-11,Wednesday,Evening,22:00-22:50,Flashcards,Task: CREATE Flashcards for GC Leong Ch 4-6,Flashcard Creation,Anki / Paper
2026-03-12,Thursday,Morning,04:00-04:50,Geography,GC Leong: Ch 7 - Limestone & Chalk Landforms (Karst Topography),Read,GC Leong
2026-03-12,Thursday,Morning,04:50-05:00,Break,Hydrate,Break,N/A
2026-03-12,Thursday,Morning,05:00-05:50,Geography,GC Leong: Ch 8 - Lakes (Formation types),Read,GC Leong
2026-03-12,Thursday,Morning,05:50-06:00,Break,Walk,Break,N/A
2026-03-12,Thursday,Morning,06:00-06:50,Geography,GC Leong: Ch 9 - Coastal Landforms (Waves/Tides),Read,GC Leong
2026-03-12,Thursday,Evening,20:00-20:50,Current Affairs,Daily News Analysis: Editorial + Notes,Read,The Hindu
2026-03-12,Thursday,Evening,20:50-21:00,Break,Eye Rest,Break,N/A
2026-03-12,Thursday,Evening,21:00-21:50,Revision,SRS Review: Spectrum Congress Formation (Studied Mar 7),Revise,Flashcards created Mar 7
2026-03-12,Thursday,Evening,21:50-22:00,Break,Stretch,Break,N/A
2026-03-12,Thursday,Evening,22:00-22:50,Flashcards,Task: CREATE Flashcards for GC Leong Ch 7-9,Flashcard Creation,Anki / Paper
2026-03-13,Friday,Morning,04:00-04:50,Geography,GC Leong: Ch 10 - Islands & Coral Reefs (Types of Reefs/Atolls),Read,GC Leong
2026-03-13,Friday,Morning,04:50-05:00,Break,Hydrate,Break,N/A
2026-03-13,Friday,Morning,05:00-05:50,Geography,GC Leong: Ch 11 - The Oceans (Relief/Salinity/Deposits),Read,GC Leong
2026-03-13,Friday,Morning,05:50-06:00,Break,Walk,Break,N/A
2026-03-13,Friday,Morning,06:00-06:50,Geography,GC Leong: Ch 12 - Oceans (Currents/Tides - Revision of NCERT concepts),Read,GC Leong
2026-03-13,Friday,Evening,20:00-20:50,Current Affairs,Daily News Analysis: Editorial + Notes,Read,The Hindu
2026-03-13,Friday,Evening,20:50-21:00,Break,Eye Rest,Break,N/A
2026-03-13,Friday,Evening,21:00-21:50,History,Spectrum: Ch 12 - Swadeshi Movement (Boycott/Partition of Bengal),Read,Spectrum
2026-03-13,Friday,Evening,21:50-22:00,Break,Stretch,Break,N/A
2026-03-13,Friday,Evening,22:00-22:50,Buffer,Buffer Slot,Buffer,N/A
2026-03-14,Saturday,Weekend_Slot_1,09:00-09:50,History,Spectrum: Ch 12 - Surat Split (1907) - Moderates vs Extremists,Read,Spectrum
2026-03-14,Saturday,Weekend_Slot_1,09:50-10:00,Break,Hydrate,Break,N/A
2026-03-14,Saturday,Weekend_Slot_1,10:00-10:50,History,Spectrum: Ch 12 - Government Acts (Morley-Minto Reforms 1909),Read,Spectrum
2026-03-14,Saturday,Weekend_Slot_1,10:50-11:00,Break,Walk,Break,N/A
2026-03-14,Saturday,Weekend_Slot_1,11:00-11:50,History,Spectrum: Ch 13 - First Phase of Revolutionary Activities (1907-1917),Read,Spectrum
2026-03-14,Saturday,Weekend_Slot_2,13:00-13:50,History,Spectrum: Ch 13 - Revolutionaries (Bengal/Maharashtra/Punjab),Read,Spectrum
2026-03-14,Saturday,Weekend_Slot_2,13:50-14:00,Break,Rest,Break,N/A
2026-03-14,Saturday,Weekend_Slot_2,14:00-14:50,History,Spectrum: Ch 13 - Revolutionaries Abroad (Ghadar Party/Komagata Maru),Read,Spectrum
2026-03-14,Saturday,Weekend_Slot_2,14:50-15:00,Break,Rest,Break,N/A
2026-03-14,Saturday,Weekend_Slot_2,15:00-16:00,Flashcards,Task: CREATE Flashcards for Swadeshi/Surat Split/Revolutionaries,Flashcard Creation,Anki / Paper
2026-03-14,Saturday,Weekend_Slot_3,17:00-17:50,CSAT,Reasoning: Blood Relations (Advanced Family Trees),Practice,RS Aggarwal
2026-03-14,Saturday,Weekend_Slot_3,17:50-18:00,Break,Eye Rest,Break,N/A
2026-03-14,Saturday,Weekend_Slot_3,18:00-18:50,CSAT,Quant: Mixture & Alligation,Practice,RS Aggarwal
2026-03-14,Saturday,Weekend_Slot_3,18:50-19:00,Break,Snack,Break,N/A
2026-03-14,Saturday,Weekend_Slot_3,19:00-19:50,Current Affairs,Weekly Compilation: Pages 51-60 (March Wk 2),Read,Monthly Magazine
2026-03-14,Saturday,Weekend_Slot_4,21:00-22:00,Revision,SRS Review: Polity Anti-Defection/Bodies (Studied Mar 8),Revise,Flashcards created Mar 9
2026-03-15,Sunday,Weekend_Slot_1,09:00-09:50,Mock Test,TEST 14: FULL POLITY MOCK (Laxmikanth Complete Syllabus),Mock Test,Subject-Wise Test
2026-03-15,Sunday,Weekend_Slot_1,09:50-10:00,Break,Hydrate,Break,N/A
2026-03-15,Sunday,Weekend_Slot_1,10:00-10:50,Mock Test,TEST 14: Continued...,Mock Test,Subject-Wise Test
2026-03-15,Sunday,Weekend_Slot_1,10:50-11:00,Break,Walk,Break,N/A
2026-03-15,Sunday,Weekend_Slot_1,11:00-12:00,Analysis,DEEP ANALYSIS: Score Check - If <90 marks revise Weak Chapters immediately,Analysis,Self-Analysis Journal
2026-03-15,Sunday,Weekend_Slot_2,13:00-13:50,History,Spectrum: Ch 14 - First World War and Nationalist Response,Read,Spectrum
2026-03-15,Sunday,Weekend_Slot_2,13:50-14:00,Break,Rest,Break,N/A
2026-03-15,Sunday,Weekend_Slot_2,14:00-14:50,History,Spectrum: Ch 14 - Home Rule League Movement (Tilak & Besant),Read,Spectrum
2026-03-15,Sunday,Weekend_Slot_2,14:50-15:00,Break,Rest,Break,N/A
2026-03-15,Sunday,Weekend_Slot_2,15:00-16:00,History,Spectrum: Ch 14 - Lucknow Pact (Congress-League Unity),Read,Spectrum
2026-03-15,Sunday,Weekend_Slot_3,17:00-17:50,Geography,GC Leong: Ch 13 - Weather (Difference from Climate/Elements),Read,GC Leong
2026-03-15,Sunday,Weekend_Slot_3,17:50-18:00,Break,Eye Rest,Break,N/A
2026-03-15,Sunday,Weekend_Slot_3,18:00-18:50,Geography,GC Leong: Ch 13 - Weather (Rainfall/Pressure/Temp measurement),Read,GC Leong
2026-03-15,Sunday,Weekend_Slot_4,21:00-22:00,Planning,Plan Week 16: Weather & Climate + Gandhi's Entry,Admin,Planner
2026-03-16,Monday,Morning,04:00-04:50,Geography,GC Leong: Ch 14 - Climate (Temperature factors),Read,GC Leong
2026-03-16,Monday,Morning,04:50-05:00,Break,Hydrate,Break,N/A
2026-03-16,Monday,Morning,05:00-05:50,Geography,GC Leong: Ch 14 - Climate (Precipitation types - Convectional/Orographic/Cyclonic),Read,GC Leong
2026-03-16,Monday,Morning,05:50-06:00,Break,Walk,Break,N/A
2026-03-16,Monday,Morning,06:00-06:50,Revision,Diagram Practice: Draw types of Rainfall & Cloud formations,Practice,Whiteboard
2026-03-16,Monday,Evening,20:00-20:50,Current Affairs,Daily News Analysis: Editorial + Notes,Read,The Hindu
2026-03-16,Monday,Evening,20:50-21:00,Break,Eye Rest,Break,N/A
2026-03-16,Monday,Evening,21:00-21:50,Revision,SRS Review: GC Leong Ch 1-3 (Studied Mar 10),Revise,Flashcards created Mar 10
2026-03-16,Monday,Evening,21:50-22:00,Break,Stretch,Break,N/A
2026-03-16,Monday,Evening,22:00-22:50,Flashcards,Task: CREATE Flashcards for GC Leong Ch 13-14 (Weather Instruments/Processes),Flashcard Creation,Anki / Paper
2026-03-17,Tuesday,Morning,04:00-04:50,History,Spectrum: Ch 15 - Emergence of Gandhi (Early Career in South Africa),Read,Spectrum
2026-03-17,Tuesday,Morning,04:50-05:00,Break,Hydrate,Break,N/A
2026-03-17,Tuesday,Morning,05:00-05:50,History,Spectrum: Ch 15 - Gandhi's Return & Early Satyagrahas (Champaran/Kheda/Ahmedabad),Read,Spectrum
2026-03-17,Tuesday,Morning,05:50-06:00,Break,Walk,Break,N/A
2026-03-17,Tuesday,Morning,06:00-06:50,History,Spectrum: Ch 15 - Rowlatt Act & Jallianwala Bagh Massacre,Read,Spectrum
2026-03-17,Tuesday,Evening,20:00-20:50,Current Affairs,Daily News Analysis: Editorial + Notes,Read,The Hindu
2026-03-17,Tuesday,Evening,20:50-21:00,Break,Eye Rest,Break,N/A
2026-03-17,Tuesday,Evening,21:00-21:50,Revision,SRS Review: GC Leong Ch 4-6 (Studied Mar 11),Revise,Flashcards created Mar 11
2026-03-17,Tuesday,Evening,21:50-22:00,Break,Stretch,Break,N/A
2026-03-17,Tuesday,Evening,22:00-22:50,Flashcards,Task: CREATE Flashcards for Early Gandhi/Rowlatt Act,Flashcard Creation,Anki / Paper
2026-03-18,Wednesday,Morning,04:00-04:50,Geography,GC Leong: Ch 15 - Hot Wet Equatorial Climate (Distribution/Climate/Vegetation),Read,GC Leong
2026-03-18,Wednesday,Morning,04:50-05:00,Break,Hydrate,Break,N/A
2026-03-18,Wednesday,Morning,05:00-05:50,Geography,GC Leong: Ch 16 - Tropical Monsoon & Marine Climates,Read,GC Leong
2026-03-18,Wednesday,Morning,05:50-06:00,Break,Walk,Break,N/A
2026-03-18,Wednesday,Morning,06:00-06:50,Geography,GC Leong: Ch 17 - Savanna or Sudan Climate,Read,GC Leong
2026-03-18,Wednesday,Evening,20:00-20:50,Current Affairs,Daily News Analysis: Editorial + Notes,Read,The Hindu
2026-03-18,Wednesday,Evening,20:50-21:00,Break,Eye Rest,Break,N/A
2026-03-18,Wednesday,Evening,21:00-21:50,Revision,SRS Review: Spectrum Swadeshi/Revolutionaries (Studied Mar 13/14),Revise,Flashcards created Mar 14
2026-03-18,Wednesday,Evening,21:50-22:00,Break,Stretch,Break,N/A
2026-03-18,Wednesday,Evening,22:00-22:50,Buffer,Buffer Slot,Buffer,N/A
2026-03-19,Thursday,Morning,04:00-04:50,History,Spectrum: Ch 15 - Khilafat & Non-Cooperation Movement (NCM) - Background,Read,Spectrum
2026-03-19,Thursday,Morning,04:50-05:00,Break,Hydrate,Break,N/A
2026-03-19,Thursday,Morning,05:00-05:50,History,Spectrum: Ch 15 - NCM (Programmes/Spread/People's Participation),Read,Spectrum
2026-03-19,Thursday,Morning,05:50-06:00,Break,Walk,Break,N/A
2026-03-19,Thursday,Morning,06:00-06:50,History,Spectrum: Ch 15 - Chauri Chaura Incident & Withdrawal,Read,Spectrum
2026-03-19,Thursday,Evening,20:00-20:50,Current Affairs,Daily News Analysis: Editorial + Notes,Read,The Hindu
2026-03-19,Thursday,Evening,20:50-21:00,Break,Eye Rest,Break,N/A
2026-03-19,Thursday,Evening,21:00-21:50,Revision,SRS Review: GC Leong Ch 7-9 (Studied Mar 12),Revise,Flashcards created Mar 12
2026-03-19,Thursday,Evening,21:50-22:00,Break,Stretch,Break,N/A
2026-03-19,Thursday,Evening,22:00-22:50,Flashcards,Task: CREATE Flashcards for Khilafat & NCM,Flashcard Creation,Anki / Paper
2026-03-20,Friday,Morning,04:00-04:50,Geography,GC Leong: Ch 18 - Hot Desert & Mid-Latitude Desert Climates,Read,GC Leong
2026-03-20,Friday,Morning,04:50-05:00,Break,Hydrate,Break,N/A
2026-03-20,Friday,Morning,05:00-05:50,Geography,GC Leong: Ch 19 - Warm Temperate Western Margin (Mediterranean),Read,GC Leong
2026-03-20,Friday,Morning,05:50-06:00,Break,Walk,Break,N/A
2026-03-20,Friday,Morning,06:00-06:50,Geography,GC Leong: Ch 20 - Temperate Continental (Steppe) Climate,Read,GC Leong
2026-03-20,Friday,Evening,20:00-20:50,Current Affairs,Daily News Analysis: Editorial + Notes,Read,The Hindu
2026-03-20,Friday,Evening,20:50-21:00,Break,Eye Rest,Break,N/A
2026-03-20,Friday,Evening,21:00-21:50,Revision,SRS Review: Spectrum Home Rule/Lucknow Pact (Studied Mar 15),Revise,Notes/Flashcards
2026-03-20,Friday,Evening,21:50-22:00,Break,Stretch,Break,N/A
2026-03-20,Friday,Evening,22:00-22:50,Flashcards,Task: CREATE Flashcards for GC Leong Ch 15-20 (Climates Pt 1),Flashcard Creation,Anki / Paper
2026-03-21,Saturday,Weekend_Slot_1,09:00-09:50,History,Spectrum: Ch 16 - Emergence of Swarajists (Pro-Changers vs No-Changers),Read,Spectrum
2026-03-21,Saturday,Weekend_Slot_1,09:50-10:00,Break,Hydrate,Break,N/A
2026-03-21,Saturday,Weekend_Slot_1,10:00-10:50,History,Spectrum: Ch 16 - Rise of Left Wing (Socialism/CPI),Read,Spectrum
2026-03-21,Saturday,Weekend_Slot_1,10:50-11:00,Break,Walk,Break,N/A
2026-03-21,Saturday,Weekend_Slot_1,11:00-11:50,History,Spectrum: Ch 16 - Revolutionary Activity Phase 2 (HRA/HSRA/Bhagat Singh),Read,Spectrum
2026-03-21,Saturday,Weekend_Slot_2,13:00-13:50,History,Spectrum: Ch 16 - Revolutionary Activity (Surya Sen/Chittagong Raid),Read,Spectrum
2026-03-21,Saturday,Weekend_Slot_2,13:50-14:00,Break,Rest,Break,N/A
2026-03-21,Saturday,Weekend_Slot_2,14:00-14:50,History,Spectrum: Ch 17 - Simon Commission & Nehru Report,Read,Spectrum
2026-03-21,Saturday,Weekend_Slot_2,14:50-15:00,Break,Rest,Break,N/A
2026-03-21,Saturday,Weekend_Slot_2,15:00-16:00,Flashcards,Task: CREATE Flashcards for Swarajists/Revolutionaries Phase 2/Simon Comm,Flashcard Creation,Anki / Paper
2026-03-21,Saturday,Weekend_Slot_3,17:00-17:50,Geography,GC Leong: Ch 21 - Warm Temperate Eastern Margin (China Type),Read,GC Leong
2026-03-21,Saturday,Weekend_Slot_3,17:50-18:00,Break,Eye Rest,Break,N/A
2026-03-21,Saturday,Weekend_Slot_3,18:00-18:50,Geography,GC Leong: Ch 22 - Cool Temperate Western Margin (British Type),Read,GC Leong
2026-03-21,Saturday,Weekend_Slot_3,18:50-19:00,Break,Snack,Break,N/A
2026-03-21,Saturday,Weekend_Slot_3,19:00-19:50,Current Affairs,Weekly Compilation: Pages 61-70 (March Wk 3),Read,Monthly Magazine
2026-03-21,Saturday,Weekend_Slot_4,21:00-22:00,Revision,SRS Review: GC Leong Weather/Climate (Studied Mar 15/16),Revise,Flashcards created Mar 16
2026-03-22,Sunday,Weekend_Slot_1,09:00-09:50,Mock Test,TEST 15: History (1905-1930) - Extremists to Simon Commission,Mock Test,Sectional Test Series
2026-03-22,Sunday,Weekend_Slot_1,09:50-10:00,Break,Hydrate,Break,N/A
2026-03-22,Sunday,Weekend_Slot_1,10:00-10:50,Mock Test,TEST 15: Continue/Finish,Mock Test,Sectional Test Series
2026-03-22,Sunday,Weekend_Slot_1,10:50-11:00,Break,Walk,Break,N/A
2026-03-22,Sunday,Weekend_Slot_1,11:00-12:00,Analysis,Review Answers: Focus on Chronology of Revolutionary Events,Analysis,Self-Analysis Journal
2026-03-22,Sunday,Weekend_Slot_2,13:00-13:50,Geography,GC Leong: Ch 23 - Cool Temperate Continental (Siberian Type),Read,GC Leong
2026-03-22,Sunday,Weekend_Slot_2,13:50-14:00,Break,Rest,Break,N/A
2026-03-22,Sunday,Weekend_Slot_2,14:00-14:50,Geography,GC Leong: Ch 24 - Cool Temperate Eastern Margin (Laurentian),Read,GC Leong
2026-03-22,Sunday,Weekend_Slot_2,14:50-15:00,Break,Rest,Break,N/A
2026-03-22,Sunday,Weekend_Slot_2,15:00-16:00,Geography,GC Leong: Ch 25 - Polar Climate (Tundra/Ice Cap) - BOOK COMPLETION,Read,GC Leong
2026-03-22,Sunday,Weekend_Slot_3,17:00-17:50,Flashcards,Task: CREATE Flashcards for GC Leong Ch 21-25 (Climates Pt 2),Flashcard Creation,Anki / Paper
2026-03-22,Sunday,Weekend_Slot_3,17:50-18:00,Break,Eye Rest,Break,N/A
2026-03-22,Sunday,Weekend_Slot_3,18:00-18:50,Revision,SRS Review: Gandhi & NCM (Studied Mar 17/19),Revise,Flashcards created Mar 19
2026-03-22,Sunday,Weekend_Slot_4,21:00-22:00,Planning,Plan Week 17: Civil Disobedience & New Subject: Environment (Shankar IAS),Admin,Planner
2026-03-23,Monday,Morning,04:00-04:50,History,Spectrum: Ch 18 - Civil Disobedience Movement (CDM) - Dandi March,Read,Spectrum
2026-03-23,Monday,Morning,04:50-05:00,Break,Hydrate,Break,N/A
2026-03-23,Monday,Morning,05:00-05:50,History,Spectrum: Ch 18 - Spread of CDM (Peshawar/Sholapur/Dharsana),Read,Spectrum
2026-03-23,Monday,Morning,05:50-06:00,Break,Walk,Break,N/A
2026-03-23,Monday,Morning,06:00-06:50,History,Spectrum: Ch 18 - Gandhi-Irwin Pact & Suspension of CDM,Read,Spectrum
2026-03-23,Monday,Evening,20:00-20:50,Current Affairs,Daily News Analysis: Editorial + Notes,Read,The Hindu
2026-03-23,Monday,Evening,20:50-21:00,Break,Eye Rest,Break,N/A
2026-03-23,Monday,Evening,21:00-21:50,Revision,SRS Review: GC Leong Ch 13-14 (Weather/Climate - Studied Mar 16),Revise,Flashcards created Mar 16
2026-03-23,Monday,Evening,21:50-22:00,Break,Stretch,Break,N/A
2026-03-23,Monday,Evening,22:00-22:50,Flashcards,Task: CREATE Flashcards for CDM/Salt Satyagraha,Flashcard Creation,Anki / Paper
2026-03-24,Tuesday,Morning,04:00-04:50,History,Spectrum: Ch 19 - Karachi Congress Session (Fundamental Rights Resolution),Read,Spectrum
2026-03-24,Tuesday,Morning,04:50-05:00,Break,Hydrate,Break,N/A
2026-03-24,Tuesday,Morning,05:00-05:50,History,Spectrum: Ch 19 - Round Table Conferences (1st, 2nd, 3rd),Read,Spectrum
2026-03-24,Tuesday,Morning,05:50-06:00,Break,Walk,Break,N/A
2026-03-24,Tuesday,Morning,06:00-06:50,History,Spectrum: Ch 19 - Communal Award & Poona Pact (Gandhi-Ambedkar),Read,Spectrum
2026-03-24,Tuesday,Evening,20:00-20:50,Current Affairs,Daily News Analysis: Editorial + Notes,Read,The Hindu
2026-03-24,Tuesday,Evening,20:50-21:00,Break,Eye Rest,Break,N/A
2026-03-24,Tuesday,Evening,21:00-21:50,Revision,SRS Review: Gandhi & Early Satyagrahas (Studied Mar 17),Revise,Flashcards created Mar 17
2026-03-24,Tuesday,Evening,21:50-22:00,Break,Stretch,Break,N/A
2026-03-24,Tuesday,Evening,22:00-22:50,Flashcards,Task: CREATE Flashcards for RTC/Poona Pact/Karachi Session,Flashcard Creation,Anki / Paper
2026-03-25,Wednesday,Morning,04:00-04:50,Environment,Shankar IAS: Ch 1 - Ecology (Levels of Organisation),Read,Shankar IAS Environment
2026-03-25,Wednesday,Morning,04:50-05:00,Break,Hydrate,Break,N/A
2026-03-25,Wednesday,Morning,05:00-05:50,Environment,Shankar IAS: Ch 2 - Functions of an Ecosystem (Energy Flow/Food Web),Read,Shankar IAS Environment
2026-03-25,Wednesday,Morning,05:50-06:00,Break,Walk,Break,N/A
2026-03-25,Wednesday,Morning,06:00-06:50,Environment,Shankar IAS: Ch 2 - Bio-Geo-Chemical Cycles (Nitrogen/Phosphorus - Critical),Read,Shankar IAS Environment
2026-03-25,Wednesday,Evening,20:00-20:50,Current Affairs,Daily News Analysis: Editorial + Notes,Read,The Hindu
2026-03-25,Wednesday,Evening,20:50-21:00,Break,Eye Rest,Break,N/A
2026-03-25,Wednesday,Evening,21:00-21:50,Revision,SRS Review: GC Leong Climates Pt 1 (Studied Mar 20),Revise,Flashcards created Mar 20
2026-03-25,Wednesday,Evening,21:50-22:00,Break,Stretch,Break,N/A
2026-03-25,Wednesday,Evening,22:00-22:50,Flashcards,Task: CREATE Flashcards for Ecology Terms/Nutrient Cycles,Flashcard Creation,Anki / Paper
2026-03-26,Thursday,Morning,04:00-04:50,Environment,Shankar IAS: Ch 3 - Terrestrial Ecosystems (Forests/Grasslands),Read,Shankar IAS Environment
2026-03-26,Thursday,Morning,04:50-05:00,Break,Hydrate,Break,N/A
2026-03-26,Thursday,Morning,05:00-05:50,Environment,Shankar IAS: Ch 4 - Aquatic Ecosystems (Estuaries/Mangroves/Coral Reefs),Read,Shankar IAS Environment
2026-03-26,Thursday,Morning,05:50-06:00,Break,Walk,Break,N/A
2026-03-26,Thursday,Morning,06:00-06:50,Environment,Shankar IAS: Ch 4 - Aquatic Ecosystems (Wetlands/Ramsar Convention Basics),Read,Shankar IAS Environment
2026-03-26,Thursday,Evening,20:00-20:50,Current Affairs,Daily News Analysis: Editorial + Notes,Read,The Hindu
2026-03-26,Thursday,Evening,20:50-21:00,Break,Eye Rest,Break,N/A
2026-03-26,Thursday,Evening,21:00-21:50,Revision,SRS Review: Spectrum Swarajists (Studied Mar 21),Revise,Flashcards created Mar 21
2026-03-26,Thursday,Evening,21:50-22:00,Break,Stretch,Break,N/A
2026-03-26,Thursday,Evening,22:00-22:50,Flashcards,Task: CREATE Flashcards for Corals/Mangroves/Wetlands,Flashcard Creation,Anki / Paper
2026-03-27,Friday,Morning,04:00-04:50,History,Spectrum: Ch 20 - Debates on Future Strategy (Council Entry vs Constructive Work),Read,Spectrum
2026-03-27,Friday,Morning,04:50-05:00,Break,Hydrate,Break,N/A
2026-03-27,Friday,Morning,05:00-05:50,History,Spectrum: Ch 20 - Government of India Act 1935 (Provincial Autonomy/All India Federation),Read,Spectrum
2026-03-27,Friday,Morning,05:50-06:00,Break,Walk,Break,N/A
2026-03-27,Friday,Morning,06:00-06:50,History,Spectrum: Ch 21 - Congress Rule in Provinces (28 Months Rule - Work done),Read,Spectrum
2026-03-27,Friday,Evening,20:00-20:50,Current Affairs,Daily News Analysis: Editorial + Notes,Read,The Hindu
2026-03-27,Friday,Evening,20:50-21:00,Break,Eye Rest,Break,N/A
2026-03-27,Friday,Evening,21:00-21:50,Revision,SRS Review: GC Leong Climates Pt 2 (Studied Mar 22),Revise,Flashcards created Mar 22
2026-03-27,Friday,Evening,21:50-22:00,Break,Stretch,Break,N/A
2026-03-27,Friday,Evening,22:00-22:50,Flashcards,Task: CREATE Flashcards for GoI Act 1935 (Detailed provisions),Flashcard Creation,Anki / Paper
2026-03-28,Saturday,Weekend_Slot_1,09:00-09:50,Environment,Shankar IAS: Ch 5 - Environmental Pollution (Air/Water/Soil),Read,Shankar IAS Environment
2026-03-28,Saturday,Weekend_Slot_1,09:50-10:00,Break,Hydrate,Break,N/A
2026-03-28,Saturday,Weekend_Slot_1,10:00-10:50,Environment,Shankar IAS: Ch 5 - Pollution (E-Waste/Plastic/Solid Waste),Read,Shankar IAS Environment
2026-03-28,Saturday,Weekend_Slot_1,10:50-11:00,Break,Walk,Break,N/A
2026-03-28,Saturday,Weekend_Slot_1,11:00-11:50,Environment,Shankar IAS: Ch 6 - Renewable Energy & Ch 7 - Environmental Issues,Read,Shankar IAS Environment
2026-03-28,Saturday,Weekend_Slot_2,13:00-13:50,History,Spectrum: Ch 22 - Nationalist Response to WWII (August Offer 1940),Read,Spectrum
2026-03-28,Saturday,Weekend_Slot_2,13:50-14:00,Break,Rest,Break,N/A
2026-03-28,Saturday,Weekend_Slot_2,14:00-14:50,History,Spectrum: Ch 22 - Individual Satyagraha (1940-41),Read,Spectrum
2026-03-28,Saturday,Weekend_Slot_2,14:50-15:00,Break,Rest,Break,N/A
2026-03-28,Saturday,Weekend_Slot_2,15:00-16:00,History,Spectrum: Ch 22 - Cripps Mission 1942 (Proposals & Failure),Read,Spectrum
2026-03-28,Saturday,Weekend_Slot_3,17:00-17:50,CSAT,Quant: Clocks & Calendars,Practice,RS Aggarwal
2026-03-28,Saturday,Weekend_Slot_3,17:50-18:00,Break,Eye Rest,Break,N/A
2026-03-28,Saturday,Weekend_Slot_3,18:00-18:50,CSAT,Reasoning: Ranking & Order,Practice,RS Aggarwal
2026-03-28,Saturday,Weekend_Slot_3,18:50-19:00,Break,Snack,Break,N/A
2026-03-28,Saturday,Weekend_Slot_3,19:00-19:50,Current Affairs,Weekly Compilation: Pages 71-80 (March Wk 4),Read,Monthly Magazine
2026-03-28,Saturday,Weekend_Slot_4,21:00-22:00,Flashcards,Task: CREATE Flashcards for Pollutants/August Offer/Cripps,Flashcard Creation,Anki / Paper
2026-03-29,Sunday,Weekend_Slot_1,09:00-09:50,Mock Test,TEST 16: History (1930-1942) & Environment (Ecology/Pollution),Mock Test,Sectional Test Series
2026-03-29,Sunday,Weekend_Slot_1,09:50-10:00,Break,Hydrate,Break,N/A
2026-03-29,Sunday,Weekend_Slot_1,10:00-10:50,Mock Test,TEST 16: Continue/Finish,Mock Test,Sectional Test Series
2026-03-29,Sunday,Weekend_Slot_1,10:50-11:00,Break,Walk,Break,N/A
2026-03-29,Sunday,Weekend_Slot_1,11:00-12:00,Analysis,Review Answers: Focus on Chronology (August Offer -> Individual Satyagraha -> Cripps),Analysis,Self-Analysis Journal
2026-03-29,Sunday,Weekend_Slot_2,13:00-13:50,History,Spectrum: Ch 23 - Quit India Movement (1942) - Spread & Underground Activity,Read,Spectrum
2026-03-29,Sunday,Weekend_Slot_2,13:50-14:00,Break,Rest,Break,N/A
2026-03-29,Sunday,Weekend_Slot_2,14:00-14:50,History,Spectrum: Ch 23 - Demand for Pakistan (Muslim League/Lahore Resolution),Read,Spectrum
2026-03-29,Sunday,Weekend_Slot_2,14:50-15:00,Break,Rest,Break,N/A
2026-03-29,Sunday,Weekend_Slot_2,15:00-16:00,History,Spectrum: Ch 23 - Indian National Army (INA) & Subhash Chandra Bose,Read,Spectrum
2026-03-29,Sunday,Weekend_Slot_3,17:00-17:50,Environment,Shankar IAS: Ch 9 - Biodiversity (Levels/Measurement - Alpha/Beta/Gamma),Read,Shankar IAS Environment
2026-03-29,Sunday,Weekend_Slot_3,17:50-18:00,Break,Eye Rest,Break,N/A
2026-03-29,Sunday,Weekend_Slot_3,18:00-18:50,Environment,Shankar IAS: Ch 10 - Indian Biodiversity (Realms/Biomes),Read,Shankar IAS Environment
2026-03-29,Sunday,Weekend_Slot_4,21:00-22:00,Planning,Plan Week 18: Partition & Animal Diversity (Endangered Species),Admin,Planner
2026-03-30,Monday,Morning,04:00-04:50,History,Spectrum: Ch 23 - Rajagopalachari Formula & Desai-Liaqat Pact,Read,Spectrum
2026-03-30,Monday,Morning,04:50-05:00,Break,Hydrate,Break,N/A
2026-03-30,Monday,Morning,05:00-05:50,History,Spectrum: Ch 23 - Wavell Plan & Shimla Conference,Read,Spectrum
2026-03-30,Monday,Morning,05:50-06:00,Break,Walk,Break,N/A
2026-03-30,Monday,Morning,06:00-06:50,History,Spectrum: Ch 24 - Post-War National Scenario (INA Trials/RIN Mutiny),Read,Spectrum
2026-03-30,Monday,Evening,20:00-20:50,Current Affairs,Daily News Analysis: Editorial + Notes,Read,The Hindu
2026-03-30,Monday,Evening,20:50-21:00,Break,Eye Rest,Break,N/A
2026-03-30,Monday,Evening,21:00-21:50,Revision,SRS Review: Civil Disobedience/Round Table (Studied Mar 23/24),Revise,Flashcards created Mar 23/24
2026-03-30,Monday,Evening,21:50-22:00,Break,Stretch,Break,N/A
2026-03-30,Monday,Evening,22:00-22:50,Flashcards,Task: CREATE Flashcards for Quit India/INA/Shimla Conf,Flashcard Creation,Anki / Paper
2026-03-31,Tuesday,Morning,04:00-04:50,Environment,Shankar IAS: Ch 11 - Schedule Animals of WPA 1972 (Critically Endangered Mammals),Read,Shankar IAS Environment
2026-03-31,Tuesday,Morning,04:50-05:00,Break,Hydrate,Break,N/A
2026-03-31,Tuesday,Morning,05:00-05:50,Environment,Shankar IAS: Ch 11 - Schedule Animals (Endangered/Vulnerable species list),Read,Shankar IAS Environment
2026-03-31,Tuesday,Morning,05:50-06:00,Break,Walk,Break,N/A
2026-03-31,Tuesday,Morning,06:00-06:50,Environment,Shankar IAS: Ch 12 - Animal Diversity of India,Read,Shankar IAS Environment
2026-03-31,Tuesday,Evening,20:00-20:50,Current Affairs,Daily News Analysis: Editorial + Notes,Read,The Hindu
2026-03-31,Tuesday,Evening,20:50-21:00,Break,Eye Rest,Break,N/A
2026-03-31,Tuesday,Evening,21:00-21:50,Revision,SRS Review: Ecology & Ecosystems (Studied Mar 25/26),Revise,Flashcards created Mar 25/26
2026-03-31,Tuesday,Evening,21:50-22:00,Break,Stretch,Break,N/A
2026-03-31,Tuesday,Evening,22:00-22:50,Flashcards,Task: CREATE Flashcards for Red List Animals (Visuals help),Flashcard Creation,Anki / Paper
2026-04-01,Wednesday,Morning,04:00-04:50,History,Spectrum: Ch 25 - Cabinet Mission Plan (Clauses/Reaction/Failure),Read,Spectrum
2026-04-01,Wednesday,Morning,04:50-05:00,Break,Hydrate,Break,N/A
2026-04-01,Wednesday,Morning,05:00-05:50,History,Spectrum: Ch 25 - Direct Action Day & Interim Government,Read,Spectrum
2026-04-01,Wednesday,Morning,05:50-06:00,Break,Walk,Break,N/A
2026-04-01,Wednesday,Morning,06:00-06:50,History,Spectrum: Ch 25 - Mountbatten Plan & Indian Independence Act 1947,Read,Spectrum
2026-04-01,Wednesday,Evening,20:00-20:50,Current Affairs,Daily News Analysis: Editorial + Notes,Read,The Hindu
2026-04-01,Wednesday,Evening,20:50-21:00,Break,Eye Rest,Break,N/A
2026-04-01,Wednesday,Evening,21:00-21:50,Revision,SRS Review: GoI Act 1935/Provinces Rule (Studied Mar 27),Revise,Flashcards created Mar 27
2026-04-01,Wednesday,Evening,21:50-22:00,Break,Stretch,Break,N/A
2026-04-01,Wednesday,Evening,22:00-22:50,Flashcards,Task: CREATE Flashcards for Cabinet Mission/Mountbatten Plan - HISTORY CORE COMPLETED,Flashcard Creation,Anki / Paper
2026-04-02,Thursday,Morning,04:00-04:50,Environment,Shankar IAS: Ch 13 - Plant Diversity of India (Insectivorous/Invasive species),Read,Shankar IAS Environment
2026-04-02,Thursday,Morning,04:50-05:00,Break,Hydrate,Break,N/A
2026-04-02,Thursday,Morning,05:00-05:50,Environment,Shankar IAS: Ch 14 - Marine Organisms (Plankton/Sea Grass/Sea Weeds),Read,Shankar IAS Environment
2026-04-02,Thursday,Morning,05:50-06:00,Break,Walk,Break,N/A
2026-04-02,Thursday,Morning,06:00-06:50,Environment,Shankar IAS: Ch 15 - Protected Area Network (National Parks/Wildlife Sanctuaries),Read,Shankar IAS Environment
2026-04-02,Thursday,Evening,20:00-20:50,Current Affairs,Daily News Analysis: Editorial + Notes,Read,The Hindu
2026-04-02,Thursday,Evening,20:50-21:00,Break,Eye Rest,Break,N/A
2026-04-02,Thursday,Evening,21:00-21:50,Revision,SRS Review: Environment Pollution (Studied Mar 28),Revise,Flashcards created Mar 28
2026-04-02,Thursday,Evening,21:50-22:00,Break,Stretch,Break,N/A
2026-04-02,Thursday,Evening,22:00-22:50,Flashcards,Task: CREATE Flashcards for Protected Areas (State-wise list),Flashcard Creation,Anki / Paper
2026-04-03,Friday,Morning,04:00-04:50,Environment,Shankar IAS: Ch 16 - Conservation Efforts (Project Tiger/Elephant),Read,Shankar IAS Environment
2026-04-03,Friday,Morning,04:50-05:00,Break,Hydrate,Break,N/A
2026-04-03,Friday,Morning,05:00-05:50,Environment,Shankar IAS: Ch 16 - Conservation Efforts (Project Rhino/Snow Leopard/Crocodile),Read,Shankar IAS Environment
2026-04-03,Friday,Morning,05:50-06:00,Break,Walk,Break,N/A
2026-04-03,Friday,Morning,06:00-06:50,Revision,Map Work: Plot Major Tiger Reserves & National Parks,Practice,Atlas/Blank Map
2026-04-03,Friday,Evening,20:00-20:50,Current Affairs,Daily News Analysis: Editorial + Notes,Read,The Hindu
2026-04-03,Friday,Evening,20:50-21:00,Break,Eye Rest,Break,N/A
2026-04-03,Friday,Evening,21:00-21:50,Revision,SRS Review: Quit India/INA (Studied Mar 29),Revise,Flashcards created Mar 29
2026-04-03,Friday,Evening,21:50-22:00,Break,Stretch,Break,N/A
2026-04-03,Friday,Evening,22:00-22:50,Buffer,Buffer Slot,Buffer,N/A
2026-04-04,Saturday,Weekend_Slot_1,09:00-09:50,Revision,30-DAY REVIEW: Polity (State Govt/Bodies) - Rapid Fire,Revise,Flashcards created Feb-Mar
2026-04-04,Saturday,Weekend_Slot_1,09:50-10:00,Break,Hydrate,Break,N/A
2026-04-04,Saturday,Weekend_Slot_1,10:00-10:50,Revision,30-DAY REVIEW: History (Reform Movements/1857) - Rapid Fire,Revise,Flashcards created Feb-Mar
2026-04-04,Saturday,Weekend_Slot_1,10:50-11:00,Break,Walk,Break,N/A
2026-04-04,Saturday,Weekend_Slot_1,11:00-11:50,Revision,30-DAY REVIEW: Geography (GC Leong basics),Revise,Flashcards created Mar 10
2026-04-04,Saturday,Weekend_Slot_2,13:00-13:50,History,Spectrum: Appendices (Viceroys & Governors-General - Quick Scan),Read,Spectrum
2026-04-04,Saturday,Weekend_Slot_2,13:50-14:00,Break,Rest,Break,N/A
2026-04-04,Saturday,Weekend_Slot_2,14:00-14:50,History,Spectrum: Appendices (Congress Sessions/Presidents/Resolutions),Read,Spectrum
2026-04-04,Saturday,Weekend_Slot_2,14:50-15:00,Break,Rest,Break,N/A
2026-04-04,Saturday,Weekend_Slot_2,15:00-16:00,Flashcards,Task: CREATE Flashcards for Viceroys & Congress Sessions,Flashcard Creation,Anki / Paper
2026-04-04,Saturday,Weekend_Slot_3,17:00-17:50,CSAT,Quant: Data Interpretation (Pie Charts),Practice,RS Aggarwal
2026-04-04,Saturday,Weekend_Slot_3,17:50-18:00,Break,Eye Rest,Break,N/A
2026-04-04,Saturday,Weekend_Slot_3,18:00-18:50,CSAT,Quant: Data Sufficiency,Practice,RS Aggarwal
2026-04-04,Saturday,Weekend_Slot_3,18:50-19:00,Break,Snack,Break,N/A
2026-04-04,Saturday,Weekend_Slot_3,19:00-19:50,Current Affairs,Weekly Compilation: Pages 81-90 (April Wk 1 - if avail),Read,Monthly Magazine
2026-04-04,Saturday,Weekend_Slot_4,21:00-22:00,Planning,Plan Week 19: Environment Climate Change & Ancient History Revision,Admin,Planner
2026-04-05,Sunday,Weekend_Slot_1,09:00-09:50,Mock Test,TEST 17: Full Modern History (1857-1947) & Environment (Biodiversity),Mock Test,Sectional Test Series
2026-04-05,Sunday,Weekend_Slot_1,09:50-10:00,Break,Hydrate,Break,N/A
2026-04-05,Sunday,Weekend_Slot_1,10:00-10:50,Mock Test,TEST 17: Continue/Finish,Mock Test,Sectional Test Series
2026-04-05,Sunday,Weekend_Slot_1,10:50-11:00,Break,Walk,Break,N/A
2026-04-05,Sunday,Weekend_Slot_1,11:00-12:00,Analysis,Review Answers: Focus on "Transfer of Power" chronology,Analysis,Self-Analysis Journal
2026-04-05,Sunday,Weekend_Slot_2,13:00-13:50,Environment,Shankar IAS: Ch 17 - Climate Change (Greenhouse Effect/Global Warming),Read,Shankar IAS Environment
2026-04-05,Sunday,Weekend_Slot_2,13:50-14:00,Break,Rest,Break,N/A
2026-04-05,Sunday,Weekend_Slot_2,14:00-14:50,Environment,Shankar IAS: Ch 18 - Ocean Acidification & Ch 19 - Ozone Depletion,Read,Shankar IAS Environment
2026-04-05,Sunday,Weekend_Slot_2,14:50-15:00,Break,Rest,Break,N/A
2026-04-05,Sunday,Weekend_Slot_2,15:00-16:00,Environment,Shankar IAS: Ch 20 - Impact of Climate Change (Agriculture/Health/Sea Level),Read,Shankar IAS Environment
2026-04-05,Sunday,Weekend_Slot_3,17:00-17:50,Flashcards,Task: CREATE Flashcards for Climate Change Concepts,Flashcard Creation,Anki / Paper
2026-04-05,Sunday,Weekend_Slot_3,17:50-18:00,Break,Eye Rest,Break,N/A
2026-04-05,Sunday,Weekend_Slot_3,18:00-18:50,Revision,SRS Review: History Cabinet Mission/Mountbatten (Studied Apr 1),Revise,Flashcards created Apr 1
2026-04-05,Sunday,Weekend_Slot_4,21:00-22:00,Buffer,Buffer Slot,Buffer,N/A
2026-04-06,Monday,Morning,04:00-04:50,Environment,Shankar IAS: Ch 21 - Mitigation Strategies (Carbon Sequestration/Carbon Credit),Read,Shankar IAS Environment
2026-04-06,Monday,Morning,04:50-05:00,Break,Hydrate,Break,N/A
2026-04-06,Monday,Morning,05:00-05:50,Environment,Shankar IAS: Ch 22 - India & Climate Change (NAPCC - 8 Missions),Read,Shankar IAS Environment
2026-04-06,Monday,Morning,05:50-06:00,Break,Walk,Break,N/A
2026-04-06,Monday,Morning,06:00-06:50,Environment,Shankar IAS: Ch 23 - Climate Change Organisations (UNFCCC/Kyoto/Paris Agreement),Read,Shankar IAS Environment
2026-04-06,Monday,Evening,20:00-20:50,Current Affairs,Daily News Analysis: Editorial + Notes,Read,The Hindu
2026-04-06,Monday,Evening,20:50-21:00,Break,Eye Rest,Break,N/A
2026-04-06,Monday,Evening,21:00-21:50,Revision,SRS Review: Biodiversity/Red List (Studied Mar 30/31),Revise,Flashcards created Mar 30/31
2026-04-06,Monday,Evening,21:50-22:00,Break,Stretch,Break,N/A
2026-04-06,Monday,Evening,22:00-22:50,Flashcards,Task: CREATE Flashcards for UNFCCC/Paris Agreement/8 Missions,Flashcard Creation,Anki / Paper
2026-04-07,Tuesday,Morning,04:00-04:50,Environment,Shankar IAS: Ch 24 - Agriculture (Crop Systems/Organic Farming),Read,Shankar IAS Environment
2026-04-07,Tuesday,Morning,04:50-05:00,Break,Hydrate,Break,N/A
2026-04-07,Tuesday,Morning,05:00-05:50,Environment,Shankar IAS: Ch 25 - Act & Policies (Wildlife Protection Act/Forest Act/EPA),Read,Shankar IAS Environment
2026-04-07,Tuesday,Morning,05:50-06:00,Break,Walk,Break,N/A
2026-04-07,Tuesday,Morning,06:00-06:50,Environment,Shankar IAS: Ch 26 - Institutions & Measures (NGT/CZA/WCCB),Read,Shankar IAS Environment
2026-04-07,Tuesday,Evening,20:00-20:50,Current Affairs,Daily News Analysis: Editorial + Notes,Read,The Hindu
2026-04-07,Tuesday,Evening,20:50-21:00,Break,Eye Rest,Break,N/A
2026-04-07,Tuesday,Evening,21:00-21:50,Revision,SRS Review: Protected Areas (Studied Apr 2),Revise,Flashcards created Apr 2
2026-04-07,Tuesday,Evening,21:50-22:00,Break,Stretch,Break,N/A
2026-04-07,Tuesday,Evening,22:00-22:50,Flashcards,Task: CREATE Flashcards for Acts (EPA/WPA) & Bodies (NGT),Flashcard Creation,Anki / Paper
